"","stationcode","datetimestamp","monitoringprogram","replicate","F_Record","PO4F","F_PO4F","TP","F_TP","NH4F","F_NH4F","NO2F","F_NO2F","NO3F","F_NO3F","NO23F","F_NO23F","DIN","F_DIN","TN","F_TN","TKN","F_TKN","TON","FTON","CHLA_N1","F_CHLAN1","2CHLA","F_2CHLA","UncCHLa_N1","F_UncCHLa_N1","2UncCHLa","F_2UncCHLa","PHEA1","F_PHEA1","2PHEA","F_2PHEA","TSS","F_TSS","FECCOL_CFU","F_FECCOL_CFU","ECOLI_MPN","F_ECOLI_MPN","WTEM_N","FWTEM_N","SPC","F_SPC","DO_N","F_DO_N","PH","F_PH","SECCHI","F_SECCHI","DOC","F_DOC","TKN_F","F_TKN_F","DON","F_DON"
"1","fieldblank","2018-01-16 10:00:00"," "," "," ","0.004","U","0.002","I","0.002","U","0.002","U","0.004","U","0.004","U","0.006"," ","0.084"," ","0.08","U","0.078"," ","0.55","U"," "," ","0.40","U"," "," ","0.40","U"," "," ","2","U","1","UQ"," "," "," "," "," "," "," "," "," "," "," "," "," "," "," "," "," "," "
"2","fieldblank","2018-02-13 09:07:00"," "," "," ","0.004","UA","0.002","I","0.002","U","0.002","U","0.004","U","0.004","U","0.006"," ","0.084"," ","0.08","U","0.078"," ","0.55","U"," "," ","0.40","U"," "," ","0.40","U"," "," ","2","U","1","UQ"," "," "," "," "," "," "," "," "," "," "," "," "," "," "," "," "," "," "
"3","fieldblank","2018-03-27 08:05:00"," "," "," ","0.004","U","0.002","I","0.002","UY","0.002","U","0.004","U","0.004","UY","0.006"," ","0.084"," ","0.08","U","0.078"," ","0.55","U"," "," ","0.40","U"," "," ","0.40","U"," "," ","2","U","1","UQ"," "," "," "," "," "," "," "," "," "," "," "," "," "," "," "," "," "," "
"4","fieldblank","2018-04-25 07:53:00"," "," "," ","0.004","U","0.003","IY","0.002","UY","0.002","U","0.004","UY","0.004","UY","0.006"," ","0.084"," ","0.08","UY","0.078"," ","0.55","U"," "," ","0.40","U"," "," ","0.40","U"," "," ","2","U","1","UQ"," "," "," "," "," "," "," "," "," "," "," "," "," "," "," "," "," "," "
"5","fieldblank","2018-05-29 10:16:00"," "," "," ","0.004","U","0.002","I","0.002","U","0.002","U","0.004","U","0.004","U","0.006"," ","0.084"," ","0.08","U","0.078"," ","0.62","U"," "," ","0.45","U"," "," ","0.45","U"," "," ","2","U","1","UQ"," "," "," "," "," "," "," "," "," "," "," "," "," "," "," "," "," "," "
"6","fieldblank","2018-06-12 09:30:00"," "," "," ","0.004","U","0.002","U","0.002","U","0.002","U","0.004","U","0.004","U","0.006"," ","0.084"," ","0.08","U","0.078"," ","0.55","U"," "," ","0.40","U"," "," ","0.40","U"," "," ","2","U","1","UQ"," "," "," "," "," "," "," "," "," "," "," "," "," "," "," "," "," "," "
"7","fieldblank","2018-07-24 09:10:00"," "," "," ","0.004","U","0.002","U","0.002","U","0.002","U","0.004","U","0.004","U","0.006"," ","0.084"," ","0.08","U","0.078"," ","0.55","U"," "," ","0.40","U"," "," ","0.40","U"," "," ","2","U","1","UQ"," "," "," "," "," "," "," "," "," "," "," "," "," "," "," "," "," "," "
"8","fieldblank","2018-08-07 07:30:00"," "," "," ","0.004","U","0.002","U","0.002","U","0.002","U","0.004","U","0.004","U","0.006"," ","0.084"," ","0.08","U","0.078"," ","0.55","U"," "," ","0.40","U"," "," ","0.40","U"," "," ","2","U","1","UQ"," "," "," "," "," "," "," "," "," "," "," "," "," "," "," "," "," "," "
"9","fieldblank","2018-09-05 07:15:00"," "," "," ","0.004","U","0.002","U","0.002","U","0.002","U","0.004","U","0.004","U","0.006"," ","0.084"," ","0.08","U","0.078"," ","0.55","U"," "," ","0.40","U"," "," ","0.40","U"," "," ","2","U","1","UQ"," "," "," "," "," "," "," "," "," "," "," "," "," "," "," "," "," "," "
"10","fieldblank","2018-10-23 09:06:00"," "," "," ","0.004","U","0.002","UY","0.002","UY","0.002","U","0.004","UY","0.004","UY","0.006"," ","0.084"," ","0.08","UY","0.078"," ","0.55","U"," "," ","0.40","U"," "," ","0.60","U"," "," ","2","U","1","UQ"," "," "," "," "," "," "," "," "," "," "," "," "," "," "," "," "," "," "
"11","fieldblank","2018-11-06 08:50:00"," "," "," ","0.004","U","0.002","U","0.002","U","0.002","U","0.004","U","0.004","U","0.006"," ","0.084"," ","0.08","U","0.078"," ","0.55","U"," "," ","0.40","U"," "," ","0.60","U"," "," ","2","U","1","UQ"," "," "," "," "," "," "," "," "," "," "," "," "," "," "," "," "," "," "
"12","fieldblank","2018-12-04 08:25:00"," "," "," ","0.004","U","0.002","UY","0.002","U","0.002","U","0.004","U","0.004","U","0.006"," ","0.084"," ","0.08","UY","0.078"," ","0.69","U"," "," ","0.50","U"," "," ","0.75","U"," "," ","2","U"," "," "," "," "," "," "," "," "," "," "," "," "," "," "," "," "," "," "," "," "
"13","gtmfmnut","2018-01-16 12:56:00","1","1"," ","0.017"," ","0.035"," ","0.01"," ","0.002","U","0.012"," ","0.012"," ","0.022"," ","0.332"," ","0.32","I","0.31"," ","1.6","I"," "," ","2.0"," "," "," ","0.47","I"," "," ","5","I","6","BQ"," "," ","12.2"," ","48360"," ","10.59"," ","7.48"," "," "," ","4.6"," ","0.35","I","0.34"," "
"14","gtmfmnut","2018-02-13 12:23:00","1","1"," ","0.017"," ","0.039"," ","0.018"," ","0.002","U","0.005","I","0.006","I","0.024"," ","0.426"," ","0.42"," ","0.402"," ","1.6","I"," "," ","2.3"," "," "," ","1.1","I"," "," ","10"," ","25","BQ"," "," ","19.7"," ","47680"," ","6.67"," ","7.69"," "," "," ","4.6"," ","0.38","I","0.362"," "
"15","gtmfmnut","2018-03-27 11:04:00","1","1"," ","0.015"," ","0.033"," ","0.014"," ","0.002","U","0.015"," ","0.015"," ","0.029"," ","0.275"," ","0.26","I","0.246"," ","2.3"," "," "," ","2.6"," "," "," ","0.40","U"," "," ","10","I","7","BQ"," "," ","18.2"," ","52300"," ","7.37"," ","7.48"," "," "," ","3.0"," ","0.36","I","0.346"," "
"16","gtmfmnut","2018-04-25 10:15:00","1","1"," ","0.013"," ","0.041"," ","0.027"," ","0.002","U","0.007","I","0.007","I","0.034"," ","0.347"," ","0.34","I","0.313"," ","2.5"," "," "," ","3.0"," "," "," ","0.74","I"," "," ","13"," ","5","BQ"," "," ","21.5"," ","51846"," ","6.98"," ","7.59"," "," "," ","2.8"," ","0.3","I","0.273"," "
"17","gtmfmnut","2018-05-29 13:27:00","1","1"," ","0.015"," ","0.064"," ","0.023"," ","0.002","I","0.005","I","0.007","I","0.03"," ","0.527"," ","0.52"," ","0.497"," ","16"," "," "," ","18"," "," "," ","3.2"," "," "," ","20"," ","6","BQ"," "," ","26.4"," ","44611"," ","5.78"," ","7.53"," "," "," ","6.2"," ","0.34","I","0.317"," "
"18","gtmfmnut","2018-06-12 11:50:00","1","1"," ","0.030"," ","0.068"," ","0.086"," ","0.004","I","0.017"," ","0.021"," ","0.107"," ","0.621"," ","0.6"," ","0.514"," ","6.3"," "," "," ","7.5"," "," "," ","1.6","I"," "," ","16"," ","11","BQ"," "," ","27.2"," ","47038"," ","5.04"," ","7.54"," "," "," ","5.6"," ","0.41"," ","0.324"," "
"19","gtmfmnut","2018-07-24 11:48:00","1","1"," ","0.024"," ","0.063","J","0.062"," ","0.003","I","0.018"," ","0.02"," ","0.082"," ","0.43"," ","0.41"," ","0.348"," ","4.5"," "," "," ","5.7"," "," "," ","1.6"," "," "," ","16"," ","7","BQ"," "," ","26.9"," ","53212"," ","4.77"," ","7.60"," "," "," ","3.3"," ","0.27","I","0.208"," "
"20","gtmfmnut","2018-08-07 10:06:00","1","1"," ","0.026"," ","0.064"," ","0.059"," ","0.002","I","0.009","I","0.011"," ","0.07"," ","0.651"," ","0.64"," ","0.581"," ","6.0"," "," "," ","8.0"," "," "," ","3.0"," "," "," ","15"," ","5","BQ"," "," ","29.6"," ","45876"," ","4.07"," ","7.69"," "," "," ","7.1"," ","0.38","I","0.321"," "
"21","gtmfmnut","2018-09-05 09:40:00","1","1"," ","0.022"," ","0.051"," ","0.033"," ","0.002","U","0.010","I","0.012"," ","0.045"," ","0.372"," ","0.36","I","0.327"," ","4.9"," "," "," ","5.7"," "," "," ","1.1","I"," "," ","10","IAQ","9","UQ"," "," ","28.1"," ","53340"," ","4.96"," ","7.88"," "," "," ","2.6"," ","0.24","I","0.207"," "
"22","gtmfmnut","2018-10-23 09:09:00","1","1"," ","0.012"," ","0.036"," ","0.018"," ","0.007"," ","0.004","U","0.01","I","0.028"," ","0.3"," ","0.29","I","0.272"," ","3.9"," "," "," ","4.6"," "," "," ","0.88","I"," "," ","9","I","2","UQ"," "," ","25.2"," ","53990"," ","5.97"," ","8.02"," "," "," ","2.0"," ","0.28","I","0.262"," "
"23","gtmfmnut","2018-11-06 11:37:00","1","1"," ","0.017"," ","0.047"," ","0.021"," ","0.002","I","0.008","I","0.01","I","0.031"," ","0.42"," ","0.41"," ","0.389"," ","3.8"," "," "," ","4.4"," "," "," ","0.77","I"," "," ","10"," ","13","BQ"," "," ","24.8"," ","53895"," ","5.43"," ","7.97"," "," "," ","2.4"," ","0.24","I","0.219"," "
"24","gtmfmnut","2018-12-04 10:55:00","1","1"," ","0.020"," ","0.043"," ","0.047"," ","0.003","I","0.15"," ","0.15"," ","0.197"," ","0.63"," ","0.48"," ","0.433"," ","2.2"," "," "," ","2.7"," "," "," ","0.74","I"," "," ","11","A","10","BQ"," "," ","20.5"," ","50659"," ","6.16"," ","7.91"," "," "," ","3.6"," ","0.35","I","0.303"," "
"25","gtmfmnut","2018-01-16 12:58:00","1","2"," ","0.018"," ","0.035"," ","0.008"," ","0.002","U","0.011"," ","0.011"," ","0.019"," ","0.301"," ","0.29","I","0.282"," ","1.3","I"," "," ","1.6"," "," "," ","0.40","U"," "," ","7","I","10","BQ"," "," ","12.2"," ","48360"," ","10.59"," ","7.48"," "," "," ","4.8"," ","0.31","I","0.302"," "
"26","gtmfmnut","2018-02-13 12:25:00","1","2"," ","0.016"," ","0.040"," ","0.019"," ","0.002","U","0.006","I","0.007","I","0.026"," ","0.407"," ","0.4"," ","0.381"," ","1.9"," "," "," ","2.5","A"," "," ","1.1","I"," "," ","10"," ","13","BQ"," "," ","19.7"," ","47680"," ","6.67"," ","7.69"," "," "," ","5.0"," ","0.34","I","0.321"," "
"27","gtmfmnut","2018-03-27 11:06:00","1","2"," ","0.014"," ","0.036"," ","0.013"," ","0.002","U","0.014"," ","0.014"," ","0.027"," ","0.194"," ","0.18","I","0.167"," ","2.0"," "," "," ","2.2"," "," "," ","0.40","U"," "," ","10"," ","2","UQ"," "," ","18.2"," ","52350"," ","7.37"," ","7.48"," "," "," ","3.1"," ","0.33","I","0.317"," "
"28","gtmfmnut","2018-04-25 10:17:00","1","2"," ","0.013"," ","0.040"," ","0.026"," ","0.002","U","0.006","I","0.006","I","0.032"," ","0.356"," ","0.35","I","0.324"," ","2.9"," "," "," ","3.5"," "," "," ","0.86","I"," "," ","14"," ","2","BQ"," "," ","21.5"," ","51846"," ","6.98"," ","7.59"," "," "," ","2.9"," ","0.24","I","0.214"," "
"29","gtmfmnut","2018-05-29 13:30:00","1","2"," ","0.017"," ","0.065"," ","0.024"," ","0.003","I","0.004","I","0.007","I","0.031"," ","0.617"," ","0.61"," ","0.586"," ","15"," "," "," ","17"," "," "," ","3.5"," "," "," ","20"," ","8","BQ"," "," ","26.4"," ","44611"," ","5.78"," ","7.53"," "," "," ","6.3"," ","0.42"," ","0.396"," "
"30","gtmfmnut","2018-06-12 11:53:00","1","2"," ","0.027"," ","0.063"," ","0.087"," ","0.004","IQ","0.014","Q","0.018"," ","0.105"," ","0.598"," ","0.58"," ","0.493"," ","6.4"," "," "," ","7.7"," "," "," ","1.6"," "," "," ","17"," ","15","BQ"," "," ","27.2"," ","47038"," ","5.04"," ","7.54"," "," "," ","5.6"," ","0.46"," ","0.373"," "
"31","gtmfmnut","2018-07-24 11:50:00","1","2"," ","0.024"," ","0.061"," ","0.06"," ","0.003","I","0.010"," ","0.014"," ","0.074"," ","0.394"," ","0.38","I","0.32"," ","5.2"," "," "," ","6.5"," "," "," ","1.9"," "," "," ","16"," ","2","BQ"," "," ","26.9"," ","53212"," ","4.77"," ","7.60"," "," "," ","3.2"," ","0.36","I","0.3"," "
"32","gtmfmnut","2018-08-07 10:08:00","1","2"," ","0.028"," ","0.067"," ","0.057"," ","0.002","I","0.017"," ","0.02"," ","0.077"," ","0.73"," ","0.71"," ","0.653"," ","5.6"," "," "," ","7.6"," "," "," ","3.0"," "," "," ","13"," ","8","BQ"," "," ","29.6"," ","45876"," ","4.07"," ","7.69"," "," "," ","7.6"," ","0.42"," ","0.363"," "
"33","gtmfmnut","2018-09-05 09:46:00","1","2"," ","0.022"," ","0.053"," ","0.031"," ","0.002","U","0.007","I","0.009","I","0.04"," ","0.369"," ","0.36","I","0.329"," ","5.3"," "," "," ","6.3"," "," "," ","1.3","I"," "," ","12"," ","3","BQ"," "," ","28.1"," ","53340"," ","4.96"," ","7.88"," "," "," ","2.6"," ","0.25","I","0.219"," "
"34","gtmfmnut","2018-10-23 09:13:00","1","2"," ","0.012"," ","0.035"," ","0.017"," ","0.007"," ","0.004","U","0.008","I","0.025"," ","0.318"," ","0.31","I","0.293"," ","4.1"," "," "," ","4.8"," "," "," ","0.89","I"," "," ","10","I","5","BQ"," "," ","25.2"," ","53990"," ","5.97"," ","8.02"," "," "," ","1.8","I","0.31","I","0.293"," "
"35","gtmfmnut","2018-11-06 11:38:00","1","2"," ","0.017"," ","0.047"," ","0.023"," ","0.002","I","0.007","I","0.01","I","0.033"," ","0.44"," ","0.43"," ","0.407"," ","4.1"," "," "," ","4.7"," "," "," ","0.81","I"," "," ","11"," ","13","BQ"," "," ","24.8"," ","53895"," ","5.43"," ","7.97"," "," "," ","2.4"," ","0.28","I","0.257"," "
"36","gtmfmnut","2018-12-04 10:57:00","1","2"," ","0.020"," ","0.044"," ","0.046"," ","0.003","I","0.15"," ","0.15"," ","0.196"," ","0.51"," ","0.36","I","0.314"," ","2.1"," "," "," ","2.6"," "," "," ","0.69","I"," "," ","10","IA","8","BQ"," "," ","20.5"," ","50659"," ","6.16"," ","7.91"," "," "," ","3.5"," ","0.3","I","0.254"," "
"37","gtmpcnut","2018-01-16 10:54:00","1","1"," ","0.032"," ","0.058"," ","0.032"," ","0.006"," ","0.007","I","0.013"," ","0.045"," ","0.793"," ","0.78"," ","0.748"," ","1.7"," ","2.2","I","2.3"," ","2.7"," ","0.67","I","0.85","I","7","I","160","BQ","238.0","QJ","11.0"," ","16162"," ","9.69"," ","6.76"," "," "," ","22"," ","0.67"," ","0.638"," "
"38","gtmpcnut","2018-02-13 10:59:00","1","1"," ","0.047"," ","0.081"," ","0.051"," ","0.003","U","0.037"," ","0.037"," ","0.088"," ","0.827"," ","0.79"," ","0.739"," ","2.4"," ","2.6"," ","3.2"," ","3.5"," ","1.2","I","1.2","I","8","I","300","Q","395.0","Q","21.5"," ","2629"," ","6.24"," ","6.58"," "," "," ","30"," ","0.82"," ","0.769"," "
"39","gtmpcnut","2018-03-27 11:01:00","1","1"," ","0.022"," ","0.054"," ","0.006"," ","0.002","U","0.004","U","0.004","U","0.01"," ","0.314"," ","0.31","I","0.304"," ","5.1"," ","5.1"," ","5.9"," ","5.8"," ","1.0","I","0.90","I","9","I","94","Q","180.5","AQ","19.0"," ","41382"," ","6.72"," ","7.29"," "," "," ","6.0"," ","0.41"," ","0.404"," "
"40","gtmpcnut","2018-04-25 09:33:00","1","1"," ","0.033"," ","0.085"," ","0.022"," ","0.006"," ","0.008","I","0.013"," ","0.035"," ","0.893"," ","0.88"," ","0.858"," ","11"," ","5.7"," ","14"," ","7.0"," ","3.1"," ","1.8"," ","11"," ","120","BQ","228.0","Q","22.2"," ","27081"," ","5.80"," ","6.55"," "," "," ","23"," ","0.72"," ","0.698"," "
"41","gtmpcnut","2018-05-29 11:59:00","1","1"," ","0.052"," ","0.10"," ","0.036"," ","0.003","U","0.016"," ","0.017"," ","0.053"," ","1.317"," ","1.3"," ","1.264"," ","4.3"," ","4.3"," ","5.9"," ","5.9"," ","2.4","I","2.3","I","14"," ","130","BQ","178.6","AQ","26.0"," ","413.0"," ","5.08"," ","7.63"," "," "," ","40"," ","1.1"," ","1.064"," "
"42","gtmpcnut","2018-06-12 10:30:00","1","1"," ","0.049"," ","0.084"," ","0.03"," ","0.003","U","0.022"," ","0.023"," ","0.053"," ","1.323"," ","1.3"," ","1.27"," ","6.9"," ","7.2"," ","8.6"," ","8.9"," ","2.4"," ","2.5"," ","10"," ","200","Q","204.6","Q","25.6"," ","1020"," ","4.44"," ","6.58"," "," "," ","40"," ","1.2"," ","1.17"," "
"43","gtmpcnut","2018-07-24 10:29:00","1","1"," ","0.042"," ","0.091"," ","0.055"," ","0.008"," ","0.032"," ","0.04"," ","0.095"," ","0.94"," ","0.9"," ","0.845"," ","13"," ","11"," ","15"," ","14"," ","3.5"," ","3.2"," ","7","I","46","Q","160.0","Q","27.9"," ","8632"," ","5.04"," ","6.95"," "," "," ","23"," ","0.78"," ","0.725"," "
"44","gtmpcnut","2018-08-07 09:54:00","1","1"," ","0.038"," ","0.056"," ","0.018"," ","0.003","U","0.011"," ","0.011"," ","0.029"," ","1.311"," ","1.3"," ","1.282"," ","0.97","I","1.0","I","1.3"," ","1.4"," ","0.51","I","0.59","I","4","I","230","Q","258.6","AJQ","27.5"," ","149.4"," ","5.13"," ","6.10"," "," "," ","43"," ","0.96"," ","0.942"," "
"45","gtmpcnut","2018-09-05 09:37:00","1","1"," ","0.056"," ","0.081"," ","0.031"," ","0.003","I","0.050"," ","0.053"," ","0.084"," ","1.003"," ","0.95"," ","0.919"," ","8.1"," ","8.5"," ","10"," ","11"," ","3.2"," ","3.1"," ","10"," ","150","BQ","209.0","Q","29.0"," ","3568"," ","4.81"," ","7.01"," "," "," ","24"," ","0.73"," ","0.699"," "
"46","gtmpcnut","2018-10-23 11:54:00","1","1"," ","0.031"," ","0.075"," ","0.023"," ","0.003","I","0.017"," ","0.02"," ","0.043"," ","0.66"," ","0.64"," ","0.617"," ","9.5"," "," "," ","11"," "," "," ","2.7"," "," "," ","18"," ","60","Q","104","AQ","22.7"," ","38339"," ","6.31"," ","7.41"," "," "," ","13"," ","0.56"," ","0.537"," "
"47","gtmpcnut","2018-11-06 11:00:00","1","1"," ","0.024","Y","0.064","Y","0.02","Y","0.002","IY","0.013","Y","0.015","Y","0.035"," ","0.595"," ","0.58","Y","0.56"," ","6.0","Y"," "," ","7.1","Y"," "," ","1.5","IY"," "," ","10","IY","62","Q","172.5","AQ","23.8"," ","38038"," ","5.56"," ","7.25"," "," "," ","9.6","Y","0.45","Y","0.43"," "
"48","gtmpcnut","2018-12-04 10:16:00","1","1"," ","0.029"," ","0.055"," ","0.057"," ","0.003","I","0.15"," ","0.15"," ","0.207"," ","0.82"," ","0.67"," ","0.613"," ","3.0"," ","3.2"," ","4.1"," ","4.3"," ","1.6","I","1.6","I","12"," ","39","BQ","120.5","AQ","20.5"," ","33184"," ","6.49"," ","6.90"," "," "," ","14"," ","0.46"," ","0.403"," "
"49","gtmpcnut","2018-01-16 10:57:00","1","2"," ","0.032"," ","0.056"," ","0.027"," ","0.006"," ","0.005","I","0.01"," ","0.037"," ","0.88"," ","0.87"," ","0.843"," ","1.8"," "," "," ","2.4"," "," "," ","0.88","I"," "," ","7","IA","170","BQ"," "," ","11.0"," ","16162"," ","9.69"," ","6.76"," "," "," ","22"," ","0.69"," ","0.663"," "
"50","gtmpcnut","2018-02-13 11:03:00","1","2"," ","0.046"," ","0.081"," ","0.051"," ","0.003","U","0.034"," ","0.034"," ","0.085"," ","0.964"," ","0.93"," ","0.879"," ","2.0"," "," "," ","2.7"," "," "," ","1.0","I"," "," ","7","I","270","Q"," "," ","21.5"," ","2629"," ","6.24"," ","6.58"," "," "," ","31"," ","0.81"," ","0.759"," "
"51","gtmpcnut","2018-03-27 11:06:00","1","2"," ","0.024"," ","0.056"," ","0.004","I","0.002","U","0.004","U","0.004","U","0.008"," ","0.334"," ","0.33","I","0.326"," ","6.2"," "," "," ","7.1"," "," "," ","1.2","I"," "," ","8","IA","150","BQ"," "," ","19.0"," ","41382"," ","6.72"," ","7.29"," "," "," ","5.9"," ","0.26","I","0.256"," "
"52","gtmpcnut","2018-04-25 09:37:00","1","2"," ","0.033"," ","0.078"," ","0.018"," ","0.006","J","0.008","IJ","0.014"," ","0.032"," ","0.854"," ","0.84"," ","0.822"," ","8.9"," "," "," ","10"," "," "," ","1.9"," "," "," ","12"," ","120","Q"," "," ","22.2"," ","27081"," ","5.80"," ","6.55"," "," "," ","23"," ","0.72"," ","0.702"," "
"53","gtmpcnut","2018-05-29 12:03:00","1","2"," ","0.050"," ","0.10"," ","0.031"," ","0.003","U","0.016"," ","0.017"," ","0.048"," ","1.217"," ","1.2"," ","1.169"," ","4.1"," "," "," ","5.7"," "," "," ","2.4","I"," "," ","10"," ","210","BQ"," "," ","26.0"," ","413.0"," ","5.08"," ","7.63"," "," "," ","40"," ","1.1"," ","1.069"," "
"54","gtmpcnut","2018-06-12 10:33:00","1","2"," ","0.045"," ","0.081"," ","0.029"," ","0.003","U","0.022"," ","0.023"," ","0.052"," ","1.423"," ","1.4"," ","1.371"," ","3.8"," "," "," ","4.6"," "," "," ","0.99","I"," "," ","9","I","250","Q"," "," ","25.6"," ","1020"," ","4.44"," ","6.58"," "," "," ","41"," ","1"," ","0.971"," "
"55","gtmpcnut","2018-07-24 10:32:00","1","2"," ","0.042"," ","0.092"," ","0.052"," ","0.008"," ","0.031"," ","0.039"," ","0.091"," ","0.989"," ","0.95"," ","0.898"," ","13"," "," "," ","16"," "," "," ","3.5"," "," "," ","7","I","54","BQ"," "," ","27.9"," ","8632"," ","5.04"," ","6.95"," "," "," ","23"," ","0.69"," ","0.638"," "
"56","gtmpcnut","2018-08-07 09:56:00","1","2"," ","0.037"," ","0.060"," ","0.017"," ","0.003","U","0.016"," ","0.016"," ","0.033"," ","1.216"," ","1.2"," ","1.183"," ","0.98","I"," "," ","1.3"," "," "," ","0.50","I"," "," ","4","IA","220","Q"," "," ","27.5"," ","149.4"," ","5.13"," ","6.10"," "," "," ","43"," ","1.1"," ","1.083"," "
"57","gtmpcnut","2018-09-05 09:41:00","1","2"," ","0.056"," ","0.080"," ","0.026"," ","0.003","I","0.047"," ","0.05"," ","0.076"," ","0.92"," ","0.87"," ","0.844"," ","9.3"," "," "," ","11"," "," "," ","3.1"," "," "," ","10"," ","170","BQ"," "," ","29.0"," ","3568"," ","4.81"," ","7.01"," "," "," ","23"," ","0.7"," ","0.674"," "
"58","gtmpcnut","2018-10-23 11:57:00","1","2"," ","0.030"," ","0.077"," ","0.019"," ","0.003","I","0.012"," ","0.015"," ","0.034"," ","0.725"," ","0.71"," ","0.691"," ","11"," "," "," ","13"," "," "," ","3.5"," "," "," ","17","A","46","Q"," "," ","22.7"," ","38339"," ","6.31"," ","7.41"," "," "," ","13"," ","0.52"," ","0.501"," "
"59","gtmpcnut","2018-11-06 11:03:00","1","2"," ","0.025","Y","0.063","Y","0.018","Y","0.002","IY","0.013","Y","0.015","Y","0.033"," ","0.615"," ","0.6","Y","0.582"," ","6.7","Y"," "," ","7.7","Y"," "," ","1.3","IY"," "," ","9.8","IAY","64","BQ"," "," ","23.8"," ","38038"," ","5.56"," ","7.25"," "," "," ","9.8","Y","0.37","IY","0.352"," "
"60","gtmpcnut","2018-12-04 10:19:00","1","2"," ","0.027"," ","0.057"," ","0.056"," ","0.003","I","0.14"," ","0.15"," ","0.206"," ","0.73"," ","0.58"," ","0.524"," ","3.3"," "," "," ","4.4"," "," "," ","1.7","I"," "," ","11"," ","40","Q"," "," ","20.84"," ","33184"," ","6.49"," ","6.90"," "," "," ","13"," ","0.52"," ","0.464"," "
"61","gtmpcnut","2018-01-15 09:30:00","2","1"," ","0.038","Q","0.079"," ","0.048"," ","0.003","UQ","0.026","Q","0.027"," ","0.075"," ","0.857"," ","0.83"," ","0.782"," ","1.8","Q"," "," ","2.8","Q"," "," ","1.5","Q"," "," ","11"," "," "," "," "," ","11.31"," ","4599.6"," ","9.08"," ","7.1"," "," "," ","28"," ","0.84"," ","0.792"," "
"62","gtmpcnut","2018-02-12 09:30:00","2","1"," ","0.041"," ","0.079"," ","0.053"," ","0.003","U","0.034"," ","0.035"," ","0.088"," ","0.845"," ","0.81"," ","0.757"," ","1.2","IQ"," "," ","2.2","Q"," "," ","1.5","Q"," "," ","12"," "," "," "," "," ","19.602"," ","1026.2"," ","9.3"," ","8.31"," "," "," ","28"," ","0.95"," ","0.897"," "
"63","gtmpcnut","2018-03-26 09:30:00","2","1"," ","0.017","Q","0.048"," ","0.013"," ","0.002","UQ","0.004","UQ","0.004","U","0.017"," ","0.384"," ","0.38","I","0.367"," ","2.6","Q"," "," ","3.4","Q"," "," ","1.2","IQ"," "," ","8","I"," "," "," "," ","19.686"," ","47591"," ","6.7"," ","7.95"," "," "," ","3.6"," ","0.2","I","0.187"," "
"64","gtmpcnut","2018-04-24 09:30:00","2","1"," ","0.027","Q","0.071"," ","0.03"," ","0.004","IQ","0.006","IQ","0.01"," ","0.04"," ","0.8"," ","0.79"," ","0.76"," ","4.4","Q"," "," ","6.2","Q"," "," ","2.5","Q"," "," ","27"," "," "," "," "," ","22.603"," ","21165.6"," ","5.13"," ","7.91"," "," "," ","20"," ","0.61"," ","0.58"," "
"65","gtmpcnut","2018-05-28 09:30:00","2","1"," ","0.047","Q","0.10"," ","0.018"," ","0.003","UQ","0.018","Q","0.018"," ","0.036"," ","1.218"," ","1.2"," ","1.182"," ","4.2","Q"," "," ","6.0","Q"," "," ","2.8","Q"," "," ","12"," "," "," "," "," ","25.353"," ","550.9"," ","5.07"," ","6.59"," "," "," ","42"," ","1.1"," ","1.082"," "
"66","gtmpcnut","2018-06-11 09:30:00","2","1"," ","0.043","Q","0.086"," ","0.036"," ","0.003","UQ","0.024","Q","0.025"," ","0.061"," ","1.225"," ","1.2"," ","1.164"," ","6.4","Q"," "," ","8.0","Q"," "," ","2.2","IQ"," "," ","10"," "," "," "," "," ","26.404"," ","1851.1"," ","4.31"," ","6.47"," "," "," ","41"," ","1.2"," ","1.164"," "
"67","gtmpcnut","2018-07-23 09:30:00","2","1"," ","0.044","Q","0.096"," ","0.12"," ","0.005","Q","0.020","Q","0.025"," ","0.145"," ","0.915"," ","0.89"," ","0.77"," ","12","Q"," "," ","16","Q"," "," ","6.9","Q"," "," ","20"," "," "," "," "," ","25.989"," ","21023.9"," ","3.85"," ","7.21"," "," "," ","18"," ","0.77"," ","0.65"," "
"68","gtmpcnut","2018-08-06 09:30:00","2","1"," ","0.033","Q","0.061"," ","0.007"," ","0.003","UQ","0.007","IQ","0.007","I","0.014"," ","1.107"," ","1.1"," ","1.093"," ","1.0","IQ"," "," ","1.2","IQ"," "," ","0.67","UQ"," "," ","4","I"," "," "," "," ","27.433"," ","112.6"," ","4.79"," ","1.4"," "," "," ","44"," ","1.2"," ","1.193"," "
"69","gtmpcnut","2018-09-04 09:30:00","2","1"," ","0.052","Q","0.091"," ","0.028"," ","0.003","UQ","0.050","Q","0.052"," ","0.08"," ","0.842"," ","0.79"," ","0.762"," ","8.0","Q"," "," ","11","Q"," "," ","3.7","Q"," "," ","8","I"," "," "," "," ","28.424"," ","3348"," ","4.67"," ","7.07"," "," "," ","23"," ","0.73"," ","0.702"," "
"70","gtmpcnut","2018-10-22 09:30:00","2","1"," ","0.044","Q","0.096"," ","0.078"," ","0.005","Q","0.022","Q","0.027"," ","0.105"," ","0.917"," ","0.89"," ","0.812"," ","14","Q"," "," ","21","Q"," "," ","11","Q"," "," ","125"," "," "," "," "," ","22.069"," ","27805.6"," ","6.5"," ","7.49"," "," "," ","18"," ","0.63"," ","0.552"," "
"71","gtmpcnut","2018-11-05 09:30:00","2","1"," ","0.024","Q","0.10"," ","0.025"," ","0.003","IQ","0.009","IQ","0.012"," ","0.037"," ","0.722"," ","0.71"," ","0.685"," ","4.5","AQ"," "," ","6.1","AJQ"," "," ","3.6","Q"," "," ","9","I"," "," "," "," ","22.73"," ","39257.1"," ","6.22"," ","7.87"," "," "," ","8.8"," ","0.47"," ","0.445"," "
"72","gtmpcnut","2018-12-03 09:30:00","2","1"," ","0.028"," ","0.060"," ","0.041"," ","0.003","I","0.15"," ","0.15"," ","0.191"," ","0.79"," ","0.64"," ","0.599"," ","2.7","Q"," "," ","3.9","Q"," "," ","1.8","IQ"," "," ","12"," "," "," "," "," ","20.623"," ","30700.5"," ","6.55"," ","7.47"," "," "," ","16"," ","0.56"," ","0.519"," "
"73","gtmpcnut","2018-01-16 08:00:00","2","10"," ","0.036"," ","0.062"," ","0.028"," ","0.003","U","0.016"," ","0.017"," ","0.045"," ","0.957"," ","0.94"," ","0.912"," ","0.91","I"," "," ","1.2"," "," "," ","0.48","I"," "," ","4","I","310","Q"," "," ","11.46"," ","704.2"," ","8.35"," ","6.73"," "," "," ","31"," "," "," "," "," "
"74","gtmpcnut","2018-02-13 08:00:00","2","10"," ","0.045"," ","0.083"," ","0.034"," ","0.003","U","0.031"," ","0.031"," ","0.065"," ","0.971"," ","0.94"," ","0.906"," ","1.5","I"," "," ","2.2"," "," "," ","1.0","I"," "," ","6","I","250","Q"," "," ","20.149"," ","745.1"," ","6.23"," ","6.63"," "," "," ","31"," "," "," "," "," "
"75","gtmpcnut","2018-03-27 08:00:00","2","10"," ","0.023"," ","0.058"," ","0.008"," ","0.002","U","0.004","U","0.004","U","0.012"," ","0.414"," ","0.41"," ","0.402"," ","4.5"," "," "," ","5.6"," "," "," ","1.6"," "," "," ","13"," ","88","Q"," "," ","18.76"," ","42433"," ","6.62"," ","7.72"," "," "," ","5.4"," "," "," "," "," "
"76","gtmpcnut","2018-04-25 08:00:00","2","10"," ","0.024"," ","0.068"," ","0.022"," ","0.004","I","0.004","U","0.007","I","0.029"," ","0.757"," ","0.75"," ","0.728"," ","9.9"," "," "," ","13"," "," "," ","3.8"," "," "," ","44"," ","44","Q"," "," ","22.066"," ","30085"," ","5.26"," ","8.17"," "," "," ","16"," "," "," "," "," "
"77","gtmpcnut","2018-05-29 08:00:00","2","10"," ","0.043"," ","0.078"," ","0.016"," ","0.003","U","0.011"," ","0.012"," ","0.028"," ","1.112"," ","1.1"," ","1.084"," ","2.2","I"," "," ","2.9"," "," "," ","0.95","I"," "," ","6","IA","70","Q"," "," ","24.95"," ","212.7"," ","4.7"," ","6.5"," "," "," ","41"," "," "," "," "," "
"78","gtmpcnut","2018-06-12 08:00:00","2","10"," ","0.044"," ","0.076"," ","0.03"," ","0.003","U","0.020"," ","0.021"," ","0.051"," ","1.221"," ","1.2"," ","1.17"," ","2.4","I"," "," ","3.3"," "," "," ","1.3","I"," "," ","8","I","240","Q"," "," ","25.176"," ","430.7"," ","4.6"," ","6.38"," "," "," ","41"," "," "," "," "," "
"79","gtmpcnut","2018-07-24 08:00:00","2","10"," ","0.040"," ","0.084"," ","0.068"," ","0.007"," ","0.027"," ","0.034"," ","0.102"," ","0.834"," ","0.8"," ","0.732"," ","5.8"," "," "," ","7.8"," "," "," ","3.0"," "," "," ","10"," ","46","BQ"," "," ","27.799"," ","12528.9"," ","4.5"," ","7.06"," "," "," ","21"," "," "," "," "," "
"80","gtmpcnut","2018-08-07 08:00:00","2","10"," ","0.039"," ","0.062"," ","0.018"," ","0.003","U","0.013"," ","0.013"," ","0.031"," ","1.113"," ","1.1"," ","1.082"," ","1.0","I"," "," ","1.4","I"," "," ","0.67","U"," "," ","4","I","190","BQ"," "," ","28.208"," ","242"," ","4.25"," ","6.31"," "," "," ","42"," "," "," "," "," "
"81","gtmpcnut","2018-09-05 08:00:00","2","10"," ","0.047"," ","0.10"," ","0.025"," ","0.007","J","0.017","J","0.024"," ","0.049"," ","0.924"," ","0.9"," ","0.875"," ","10"," "," "," ","14"," "," "," ","5.3"," "," "," ","12"," ","No Result","ZQ"," "," ","29.216"," ","11473.2"," ","4.5"," ","7.25"," "," "," ","20"," "," "," "," "," "
"82","gtmpcnut","2018-10-23 08:00:00","2","10"," ","0.048"," ","0.086"," ","0.056"," ","0.007"," ","0.027"," ","0.034"," ","0.09"," ","0.864"," ","0.83"," ","0.774"," ","3.7"," "," "," ","5.4"," "," "," ","2.5"," "," "," ","14"," ","110","BQ"," "," ","23.356"," ","16051.7"," ","5.47"," ","7.05"," "," "," ","24"," "," "," "," "," "
"83","gtmpcnut","2018-11-06 08:00:00","2","10"," ","0.035"," ","0.071"," ","0.043"," ","0.004","I","0.017"," ","0.02"," ","0.063"," ","0.71"," ","0.69"," ","0.647"," ","3.7","U"," "," ","3.0","I"," "," ","4.0","U"," "," ","11"," ","160","BQ"," "," ","23.34"," ","25117.4"," ","4.96"," ","7.28"," "," "," ","15"," "," "," "," "," "
"84","gtmpcnut","2018-12-04 08:00:00","2","10"," ","0.029"," ","0.072"," ","0.009"," ","0.004","I","0.27"," ","0.27"," ","0.279"," ","1.01"," ","0.74"," ","0.731"," ","3.8"," "," "," ","4.9"," "," "," ","1.6","I"," "," ","25"," ","64","Q"," "," ","20.642"," ","27056.9"," ","6.37"," ","7.59"," "," "," ","16"," "," "," "," "," "
"85","gtmpcnut","2018-01-16 10:30:00","2","11"," ","0.032"," ","0.061"," ","0.033"," ","0.006","J","0.006","IJ","0.012"," ","0.045"," ","0.822"," ","0.81"," ","0.777"," ","2.5"," "," "," ","3.1"," "," "," ","0.86","I"," "," ","7","IA","150","BQ"," "," ","10.89"," ","14644.4"," ","9.26"," ","7.4"," "," "," ","24"," "," "," "," "," "
"86","gtmpcnut","2018-02-13 10:30:00","2","11"," ","0.045"," ","0.085"," ","0.066"," ","0.003","U","0.037"," ","0.039"," ","0.105"," ","0.979"," ","0.94"," ","0.874"," ","2.2"," "," "," ","3.3"," "," "," ","1.7"," "," "," ","10"," ","360","Q"," "," ","21.795"," ","443.7"," ","6.5"," ","6.67"," "," "," ","29"," "," "," "," "," "
"87","gtmpcnut","2018-03-27 10:30:00","2","11"," ","0.022"," ","0.049"," ","0.004","I","0.002","U","0.004","U","0.004","U","0.008"," ","0.394"," ","0.39","I","0.386"," ","5.6"," "," "," ","6.6"," "," "," ","1.4"," "," "," ","13"," ","62","Q"," "," ","18.70"," ","43577"," ","6.74"," ","7.77"," "," "," ","5.4"," "," "," "," "," "
"88","gtmpcnut","2018-04-25 10:30:00","2","11"," ","0.032"," ","0.094"," ","0.031"," ","0.005"," ","0.008","I","0.013"," ","0.044"," ","1.013"," ","1"," ","0.969"," ","10"," "," "," ","13"," "," "," ","4.6"," "," "," ","24"," ","96","Q"," "," ","22.484"," ","21288.1"," ","5.35"," ","8.0"," "," "," ","22"," "," "," "," "," "
"89","gtmpcnut","2018-05-29 10:30:00","2","11"," ","0.049"," ","0.10"," ","0.025"," ","0.003","U","0.016"," ","0.017"," ","0.042"," ","1.317"," ","1.3"," ","1.275"," ","5.5"," "," "," ","7.3"," "," "," ","2.7"," "," "," ","13"," ","150","BQ"," "," ","25.942"," ","425.8"," ","5.09"," ","6.63"," "," "," ","41"," "," "," "," "," "
"90","gtmpcnut","2018-06-12 10:30:00","2","11"," ","0.046"," ","0.087"," ","0.038"," ","0.003","U","0.025"," ","0.026"," ","0.064"," ","1.326"," ","1.3"," ","1.262"," ","No Result","O"," "," ","No Result","O"," "," ","No Result","O"," "," ","10"," ","340","Q"," "," ","25.787"," ","1029.9"," ","4.53"," ","6.47"," "," "," ","17"," "," "," "," "," "
"91","gtmpcnut","2018-07-24 10:30:00","2","11"," ","0.040"," ","0.096"," ","0.072"," ","0.005"," ","0.022"," ","0.027"," ","0.099"," ","1.027"," ","1"," ","0.928"," ","15"," "," "," ","19"," "," "," ","5.8"," "," "," ","18"," ","73","BQ"," "," ","28.068"," ","23514.6"," ","3.99"," ","7.27"," "," "," ","18"," "," "," "," "," "
"92","gtmpcnut","2018-08-07 10:30:00","2","11"," ","0.036"," ","0.056"," ","0.015"," ","0.003","U","0.012"," ","0.013"," ","0.028"," ","1.113"," ","1.1"," ","1.085"," ","1.1","I"," "," ","1.1","I"," "," ","0.80","U"," "," ","4","I","270","Q"," "," ","27.692"," ","132.1"," ","4.42"," ","6.27"," "," "," ","42"," "," "," "," "," "
"93","gtmpcnut","2018-09-05 10:30:00","2","11"," ","0.054"," ","0.10"," ","0.019"," ","0.003","I","0.045"," ","0.048"," ","0.067"," ","0.928"," ","0.88"," ","0.861"," ","9.5"," "," "," ","12"," "," "," ","3.6"," "," "," ","6","I","270","Q"," "," ","29.094"," ","1904.2"," ","4.61"," ","7.06"," "," "," ","24"," "," "," "," "," "
"94","gtmpcnut","2018-10-23 10:30:00","2","11"," ","0.031"," ","0.046"," ","0.03"," ","0.002","I","0.011"," ","0.014"," ","0.044"," ","0.494"," ","0.48"," ","0.45"," ","11"," "," "," ","15"," "," "," ","6.0"," "," "," ","40"," ","40","Q"," "," ","22.814"," ","37774.7"," ","5.99"," ","7.69"," "," "," ","12"," "," "," "," "," "
"95","gtmpcnut","2018-11-06 10:30:00","2","11"," ","0.024"," ","0.068"," ","0.026"," ","0.002","I","0.012"," ","0.014"," ","0.04"," ","0.584"," ","0.57"," ","0.544"," ","4.7"," "," "," ","5.8"," "," "," ","1.6","I"," "," ","14"," ","64","AQ"," "," ","24.045"," ","38283.7"," ","5.51"," ","7.76"," "," "," ","8.8"," "," "," "," "," "
"96","gtmpcnut","2018-12-04 10:30:00","2","11"," ","0.026"," ","0.059"," ","0.009"," ","0.003","I","0.27"," ","0.27"," ","0.279"," ","0.91"," ","0.64"," ","0.631"," ","3.1"," "," "," ","4.4"," "," "," ","2.0"," "," "," ","17"," ","26","BQ"," "," ","20.676"," ","32863.7"," ","6.28"," ","7.72"," "," "," ","13"," "," "," "," "," "
"97","gtmpcnut","2018-01-15 12:00:00","2","2"," ","0.034","Q","0.070"," ","0.036"," ","0.006","QJ","0.009","IQJ","0.015"," ","0.051"," ","0.775"," ","0.76"," ","0.724"," ","1.8","Q"," "," ","2.6","Q"," "," ","1.1","IQ"," "," ","10"," ","No Result","OQ"," "," ","10.72"," ","13600.0"," ","9.69"," ","7.55"," "," "," ","24"," "," "," "," "," "
"98","gtmpcnut","2018-02-12 12:00:00","2","2"," ","0.040","Q","0.075"," ","0.023"," ","0.003","UQ","0.025","Q","0.025"," ","0.048"," ","0.885"," ","0.86"," ","0.837"," ","1.4","IQ"," "," ","2.0","Q"," "," ","0.85","IQ"," "," ","6","I","No Result","Q"," "," ","20.339"," ","1171.5"," ","7.4"," ","6.66"," "," "," ","32"," "," "," "," "," "
"99","gtmpcnut","2018-03-26 12:00:00","2","2"," ","0.022"," ","0.065"," ","0.01"," ","0.002","UQ","0.004","UQ","0.004","U","0.014"," ","0.404"," ","0.4"," ","0.39"," ","5.6"," "," "," ","7.1"," "," "," ","2.2"," "," "," ","14"," ","59","AQ"," "," ","20.295"," ","36131"," ","6.68"," ","7.77"," "," "," ","6.7"," "," "," "," "," "
"100","gtmpcnut","2018-04-24 12:00:00","2","2"," ","0.041"," ","0.082"," ","0.034"," ","0.007","QJ","0.012","QJ","0.019"," ","0.053"," ","0.939"," ","0.92"," ","0.886"," ","3.5"," "," "," ","4.2"," "," "," ","1.0","I"," "," ","11"," ","230","Q"," "," "," "," "," "," "," "," "," "," "," "," ","28"," "," "," "," "," "
"101","gtmpcnut","2018-05-28 12:00:00","2","2"," ","0.046"," ","0.10"," ","0.01"," ","0.003","U","0.019"," ","0.019"," ","0.029"," ","1.219"," ","1.2"," ","1.19"," ","4.2","A"," "," ","5.8","A"," "," ","2.3","A"," "," ","11"," ","225","AQ"," "," ","26.009"," ","574.5"," ","5.11"," ","6.63"," "," "," ","43"," "," "," "," "," "
"102","gtmpcnut","2018-06-11 12:00:00","2","2"," ","0.043","Q","0.073"," ","0.022"," ","0.003","U","0.018"," ","0.02"," ","0.042"," ","1.32"," ","1.3"," ","1.278"," ","2.1","I"," "," ","2.7"," "," "," ","0.93","I"," "," ","6","I","58","Q"," "," ","26.899"," ","314.1"," ","4.48"," ","6.41"," "," "," ","40"," "," "," "," "," "
"103","gtmpcnut","2018-07-23 12:00:00","2","2"," ","0.040"," ","0.086"," ","0.074"," ","0.007","AJ","0.028","AJ","0.035"," ","0.109"," ","0.855"," ","0.82"," ","0.746"," ","6.8"," "," "," ","9.1"," "," "," ","3.5"," "," "," ","12"," ","48","Q"," "," ","26.214"," ","15605.9"," ","4.08"," ","7.12"," "," "," ","22"," "," "," "," "," "
"104","gtmpcnut","2018-08-06 12:00:00","2","2"," ","0.031","Q","0.059"," ","0.006"," ","0.003","U","0.008","I","0.008","I","0.014"," ","1.108"," ","1.1"," ","1.094"," ","0.94","IQ"," "," ","1.3","Q"," "," ","0.51","IQ"," "," ","4","I","190","BQ"," "," ","27.901"," ","113.7"," ","4.55"," ","6.21"," "," "," ","43"," "," "," "," "," "
"105","gtmpcnut","2018-09-04 12:00:00","2","2"," ","0.050"," ","0.082"," ","0.003","I","0.004","IQ","0.053","Q","0.056"," ","0.059"," ","0.826"," ","0.77"," ","0.767"," ","6.8"," "," "," ","8.5"," "," "," ","2.3"," "," "," ","7","I","300","BQ"," "," ","28.667"," ","901.3"," ","4.62"," ","7.05"," "," "," ","24"," "," "," "," "," "
"106","gtmpcnut","2018-10-22 12:00:00","2","2"," ","0.038"," ","0.076"," ","0.06"," ","0.005","IQ","0.023","Q","0.027"," ","0.087"," ","0.657"," ","0.63"," ","0.57"," ","13","Q"," "," ","19","Q"," "," ","9.2","Q"," "," ","109"," ","48","Q"," "," ","21.96"," ","31209.7"," ","6.65"," ","7.6"," "," "," ","15"," "," "," "," "," "
"107","gtmpcnut","2018-11-05 12:00:00","2","2"," ","0.029","Q","0.087"," ","0.033"," ","0.003","IQ","0.014","Q","0.017"," ","0.05"," ","0.657"," ","0.64"," ","0.607"," ","4.7","Q"," "," ","6.4","Q"," "," ","2.4","IQ"," "," ","30"," ","No Result","O"," "," ","22.619"," ","33750.4"," ","6"," ","7.74"," "," "," ","12"," "," "," "," "," "
"108","gtmpcnut","2018-12-03 12:00:00","2","2"," ","0.032"," ","0.063"," ","0.03"," ","0.005","IJ","0.27","J","0.28"," ","0.31"," ","1.1"," ","0.82"," ","0.79"," ","1.9","I"," "," ","2.3","I"," "," ","1.2","U"," "," ","8","I","92","Q"," "," ","19.425"," ","13025.7"," ","6.92"," ","7.05"," "," "," ","26"," "," "," "," "," "
"109","gtmpcnut","2018-01-15 14:30:00","2","3"," ","0.036"," ","0.080"," ","0.028"," ","0.003","U","0.018"," ","0.019"," ","0.047"," ","1.119"," ","1.1"," ","1.072"," ","1.1","I"," "," ","1.9"," "," "," ","1.1","I"," "," ","15"," ","240","Q"," "," ","13.57"," ","809.5"," ","8.26"," ","6.87"," "," "," ","32"," "," "," "," "," "
"110","gtmpcnut","2018-02-12 14:30:00","2","3"," ","0.041"," ","0.070"," ","0.02"," ","0.003","U","0.023"," ","0.023"," ","0.043"," ","0.873"," ","0.85"," ","0.83"," ","0.79","I"," "," ","1.1","I"," "," ","0.51","I"," "," ","6","I","260","Q"," "," ","20.256"," ","2104.5"," ","7.33"," ","6.73"," "," "," ","32"," "," "," "," "," "
"111","gtmpcnut","2018-03-26 14:30:00","2","3"," ","0.026"," ","0.066"," ","0.009"," ","0.002","U","0.005","I","0.007","I","0.016"," ","0.367"," ","0.36","I","0.351"," ","7.8"," "," "," ","9.4"," "," "," ","2.2"," "," "," ","10","I","180","BQ"," "," ","20.383"," ","25910"," ","6.76"," ","7.53"," "," "," ","8.4"," "," "," "," "," "
"112","gtmpcnut","2018-04-24 14:30:00","2","3"," ","0.044"," ","0.085"," ","0.013"," ","0.003","U","0.029"," ","0.032"," ","0.045"," ","1.022"," ","0.99"," ","0.977"," ","4.7"," "," "," ","5.9"," "," "," ","1.7"," "," "," ","9","I","270","Q"," "," ","23.968"," ","3115.2"," ","5.49"," ","7.84"," "," "," ","32"," "," "," "," "," "
"113","gtmpcnut","2018-05-28 14:30:00","2","3"," ","0.047"," ","0.087"," ","0.016"," ","0.003","U","0.019"," ","0.019"," ","0.035"," ","1.219"," ","1.2"," ","1.184"," ","2.8","Q"," "," ","4.0","Q"," "," ","1.7","IQ"," "," ","9","I","140","BQ"," "," ","26.273"," ","234.4"," ","4.81"," ","6.55"," "," "," ","42"," "," "," "," "," "
"114","gtmpcnut","2018-06-11 14:30:00","2","3"," ","0.041"," ","0.069"," ","0.018"," ","0.003","U","0.017"," ","0.018"," ","0.036"," ","1.118"," ","1.1"," ","1.082"," ","1.1","UQ"," "," ","1.1","IQ"," "," ","0.80","UQ"," "," ","4","I","150","BQ"," "," ","26.756"," ","176.8"," ","4.57"," ","6.34"," "," "," ","40"," "," "," "," "," "
"115","gtmpcnut","2018-07-23 14:30:00","2","3"," ","0.040"," ","0.086"," ","0.029"," ","0.008"," ","0.029"," ","0.038"," ","0.067"," ","0.858"," ","0.82"," ","0.791"," ","5.3"," "," "," ","6.7"," "," "," ","1.9"," "," "," ","8","I","100","Q"," "," ","21.187"," ","7530.5"," ","4.27"," ","6.98"," "," "," ","25"," "," "," "," "," "
"116","gtmpcnut","2018-08-06 14:30:00","2","3"," ","0.031"," ","0.060"," ","0.007"," ","0.003","U","0.007","I","0.007","I","0.014"," ","1.107"," ","1.1"," ","1.093"," ","0.88","I"," "," ","1.2","I"," "," ","0.40","U"," "," ","4","I","200","BQ"," "," ","28.944"," ","120.9"," ","4.47"," ","6.24"," "," "," ","43"," "," "," "," "," "
"117","gtmpcnut","2018-09-04 14:30:00","2","3"," ","0.049"," ","0.095"," ","0.003","I","0.003","I","0.047"," ","0.05"," ","0.053"," ","0.9"," ","0.85"," ","0.847"," ","8.4","A"," "," ","10","A"," "," ","2.2","A"," "," ","8","I","91","BQ"," "," ","29.993"," ","946.9"," ","5.24"," ","7.07"," "," "," ","24"," "," "," "," "," "
"118","gtmpcnut","2018-10-22 14:30:00","2","3"," ","0.043"," ","0.079"," ","0.043"," ","0.007","J","0.025","J","0.032"," ","0.075"," ","0.882"," ","0.85"," ","0.807"," ","6.2"," "," "," ","8.9"," "," "," ","4.1"," "," "," ","26"," ","140","BQ"," "," ","24.092"," ","15314.2"," ","5.69"," ","7.08"," "," "," ","24"," "," "," "," "," "
"119","gtmpcnut","2018-11-05 14:30:00","2","3"," ","0.034","Q","0.069"," ","0.022"," ","0.005","Q","0.017","Q","0.022"," ","0.044"," ","0.722"," ","0.7"," ","0.678"," ","2.4","IQ"," "," ","3.1","Q"," "," ","1.2","UQ"," "," ","11"," ","No Result","O"," "," ","22.741"," ","11579.2"," ","5.76"," ","7.21"," "," "," ","21"," "," "," "," "," "
"120","gtmpcnut","2018-12-03 14:30:00","2","3"," ","0.032"," ","0.061"," ","0.018"," ","0.005"," ","0.25"," ","0.26"," ","0.278"," ","1.07"," ","0.81"," ","0.792"," ","1.1","U"," "," ","1.3","I"," "," ","1.2","U"," "," ","6","I","150","BQ"," "," ","19.215"," ","5573.9"," ","7.18"," ","6.99"," "," "," ","29"," "," "," "," "," "
"121","gtmpcnut","2018-01-15 17:00:00","2","4"," ","0.036"," ","0.065"," ","0.024"," ","0.003","U","0.014"," ","0.015"," ","0.039"," ","1.115"," ","1.1"," ","1.076"," ","0.56","I"," "," ","0.92","I"," "," ","0.56","I"," "," ","6","I","300","Q"," "," ","13.73"," ","379.8"," ","8.06"," ","6.75"," "," "," ","33"," "," "," "," "," "
"122","gtmpcnut","2018-02-12 17:00:00","2","4"," ","0.041"," ","0.069"," ","0.02"," ","0.003","U","0.023"," ","0.023"," ","0.043"," ","0.893"," ","0.87"," ","0.85"," ","0.59","I"," "," ","0.86","I"," "," ","0.40","I"," "," ","4","I","200","BQ"," "," ","19.667"," ","372.9"," ","6.9"," ","6.61"," "," "," ","31"," "," "," "," "," "
"123","gtmpcnut","2018-03-26 17:00:00","2","4"," ","0.024"," ","0.060"," ","0.006"," ","0.002","U","0.005","I","0.006","I","0.012"," ","0.476"," ","0.47"," ","0.464"," ","7.6"," "," "," ","9.6"," "," "," ","2.9"," "," "," ","20"," ","140","BQ"," "," ","20.37"," ","33624"," ","6.82"," ","7.67"," "," "," ","7.0"," "," "," "," "," "
"124","gtmpcnut","2018-04-24 17:00:00","2","4"," ","0.034"," ","0.085"," ","0.015"," ","0.008"," ","0.009","I","0.017"," ","0.032"," ","0.957"," ","0.94"," ","0.925"," ","4.5"," "," "," ","6.0"," "," "," ","2.1"," "," "," ","15"," ","170","BQ"," "," ","24.986"," ","16391.9"," ","5.81"," ","8.23"," "," "," ","27"," "," "," "," "," "
"125","gtmpcnut","2018-05-28 17:00:00","2","4"," ","0.046"," ","0.087"," ","0.017"," ","0.003","U","0.018"," ","0.019"," ","0.036"," ","1.219"," ","1.2"," ","1.183"," ","3.2"," "," "," ","4.4"," "," "," ","1.8","I"," "," ","10"," ","180","BQ"," "," ","26.644"," ","216.2"," ","5.02"," ","6.57"," "," "," ","41"," "," "," "," "," "
"126","gtmpcnut","2018-06-11 17:00:00","2","4"," ","0.040"," ","0.080"," ","0.014"," ","0.003","U","0.017"," ","0.018"," ","0.032"," ","1.218"," ","1.2"," ","1.186"," ","4.9"," "," "," ","6.1"," "," "," ","1.6","I"," "," ","10"," ","100","Q"," "," ","26.785"," ","193.6"," ","5.15"," ","6.4"," "," "," ","40"," "," "," "," "," "
"127","gtmpcnut","2018-07-23 17:00:00","2","4"," ","0.039"," ","0.072"," ","0.015"," ","0.003","U","0.044"," ","0.047"," ","0.062"," ","0.987"," ","0.94"," ","0.925"," ","9.5"," "," "," ","12"," "," "," ","2.8"," "," "," ","10","I","100","Q"," "," ","29.965"," ","3862.3"," ","5.5"," ","6.97"," "," "," ","25"," "," "," "," "," "
"128","gtmpcnut","2018-08-06 17:00:00","2","4"," ","0.036"," ","0.065"," ","0.006"," ","0.003","U","0.009","I","0.009","I","0.015"," ","1.209"," ","1.2"," ","1.194"," ","2.7"," "," "," ","3.7"," "," "," ","1.4","I"," "," ","8","I","180","BQ"," "," ","31.449"," ","195.0"," ","4.78"," ","6.31"," "," "," ","42"," "," "," "," "," "
"129","gtmpcnut","2018-09-04 17:00:00","2","4"," ","0.047"," ","0.092"," ","0.004","I","0.008","Q","0.022","Q","0.03"," ","0.034"," ","0.88"," ","0.85"," ","0.846"," ","20"," "," "," ","25"," "," "," ","7.1"," "," "," ","26"," ","110","BQ"," "," ","31.799"," ","7120.5"," ","6.53"," ","7.36"," "," "," ","22"," "," "," "," "," "
"130","gtmpcnut","2018-10-22 17:00:00","2","4"," ","0.046"," ","0.078"," ","0.035"," ","0.008"," ","0.024"," ","0.032"," ","0.067"," ","0.872"," ","0.84"," ","0.805"," ","4.4","A"," "," ","5.8","A"," "," ","2.3","I"," "," ","12"," ","210","Q"," "," ","24.558"," ","9944.3"," ","5.33"," ","6.94"," "," "," ","27"," "," "," "," "," "
"131","gtmpcnut","2018-11-05 17:00:00","2","4"," ","0.037"," ","0.068"," ","0.023"," ","0.005","Q","0.018","Q","0.023"," ","0.046"," ","0.763"," ","0.74"," ","0.717"," ","1.4","I"," "," ","1.4","I"," "," ","1.2","U"," "," ","6","I","190","BQ"," "," ","22.72"," ","5646.2"," ","5.42"," ","7.14"," "," "," ","21"," "," "," "," "," "
"132","gtmpcnut","2018-12-03 17:00:00","2","4"," ","0.033"," ","0.060"," ","0.025"," ","0.005"," ","0.26"," ","0.26"," ","0.285"," ","1.15"," ","0.89"," ","0.865"," ","1.3","I"," "," ","1.8","I"," "," ","1.2","U"," "," ","6","I","150","BQ"," "," ","20.098"," ","6593.1"," ","7.22"," ","6.97"," "," "," ","28"," "," "," "," "," "
"133","gtmpcnut","2018-01-15 19:30:00","2","5"," ","0.037"," ","0.067"," ","0.026"," ","0.003","U","0.015"," ","0.016"," ","0.042"," ","0.986"," ","0.97"," ","0.944"," ","0.55","U"," "," ","0.79","I"," "," ","0.40","I"," "," ","7","I","220","Q"," "," ","13.35"," ","607.4"," ","8.27"," ","6.78"," "," "," ","33"," "," "," "," "," "
"134","gtmpcnut","2018-02-12 19:30:00","2","5"," ","0.041"," ","0.074"," ","0.027"," ","0.003","U","0.026"," ","0.026"," ","0.053"," ","0.936"," ","0.91"," ","0.883"," ","2.2"," "," "," ","2.9"," "," "," ","1.1","I"," "," ","11","A","320","Q"," "," ","19.563"," ","265.3"," ","6.46"," ","6.57"," "," "," ","30"," "," "," "," "," "
"135","gtmpcnut","2018-03-26 19:30:00","2","5"," ","0.020"," ","0.051"," ","0.005"," ","0.002","U","0.004","U","0.004","U","0.009"," ","0.374"," ","0.37","I","0.365"," ","4.2"," "," "," ","5.1"," "," "," ","1.3"," "," "," ","10"," ","55","AQ"," "," ","20.096"," ","43364"," ","7.26"," ","7.86"," "," "," ","5.0"," "," "," "," "," "
"136","gtmpcnut","2018-04-24 19:30:00","2","5"," ","0.024"," ","0.088"," ","0.008"," ","0.004","I","0.004","U","0.004","U","0.012"," ","0.864"," ","0.86"," ","0.852"," ","5.0"," "," "," ","7.1"," "," "," ","3.0"," "," "," ","21"," ","66","Q"," "," ","26.274"," ","22634.3"," ","6.69"," ","8.58"," "," "," ","20"," "," "," "," "," "
"137","gtmpcnut","2018-05-28 19:30:00","2","5"," ","0.043"," ","0.096"," ","0.009"," ","0.003","U","0.012"," ","0.012"," ","0.021"," ","1.212"," ","1.2"," ","1.191"," ","11"," "," "," ","13"," "," "," ","1.8","I"," "," ","11"," ","230","Q"," "," ","26.701"," ","220.4"," ","5.33"," ","6.59"," "," "," ","40"," "," "," "," "," "
"138","gtmpcnut","2018-06-11 19:30:00","2","5"," ","0.042"," ","0.090"," ","0.021"," ","0.003","U","0.023"," ","0.024"," ","0.045"," ","1.224"," ","1.2"," ","1.179"," ","4.9"," "," "," ","6.3"," "," "," ","2.0","I"," "," ","14"," ","210","Q"," "," ","27.149"," ","679.2"," ","5.25"," ","6.47"," "," "," ","39"," "," "," "," "," "
"139","gtmpcnut","2018-07-23 19:30:00","2","5"," ","0.035"," ","0.11"," ","0.033"," ","0.006"," ","0.027"," ","0.033"," ","0.066"," ","1.033"," ","1"," ","0.967"," ","17"," "," "," ","21"," "," "," ","6.8"," "," "," ","29"," ","42","Q"," "," ","29.384"," ","16853.3"," ","6.21"," ","7.37"," "," "," ","19"," "," "," "," "," "
"140","gtmpcnut","2018-08-06 19:30:00","2","5"," ","0.045"," ","0.084"," ","0.008"," ","0.003","U","0.010"," ","0.012"," ","0.02"," ","1.212"," ","1.2"," ","1.192"," ","3.5","I"," "," ","4.9"," "," "," ","2.1","I"," "," ","10"," ","120","Q"," "," ","32.948"," ","489.6"," ","4.7"," ","6.45"," "," "," ","43"," "," "," "," "," "
"141","gtmpcnut","2018-09-04 19:30:00","2","5"," ","0.035"," ","0.096"," ","0.004","I","0.004","I","0.004","U","0.004","U","0.008"," ","0.884"," ","0.88"," ","0.876"," ","23"," "," "," ","28"," "," "," ","7.7"," "," "," ","25"," ","27","BQ"," "," ","31.924"," ","19123.9"," ","7.41"," ","7.84"," "," "," ","18"," "," "," "," "," "
"142","gtmpcnut","2018-10-22 19:30:00","2","5"," ","0.046"," ","0.083"," ","0.04"," ","0.008"," ","0.025"," ","0.033"," ","0.073"," ","0.903"," ","0.87"," ","0.83"," ","5.7"," "," "," ","7.8"," "," "," ","3.1"," "," "," ","17"," ","120","Q"," "," ","24.299"," ","13614.9"," ","6.0"," ","7.07"," "," "," ","26"," "," "," "," "," "
"143","gtmpcnut","2018-11-05 19:30:00","2","5"," ","0.034"," ","0.068"," ","0.031"," ","0.004","I","0.016"," ","0.02"," ","0.051"," ","0.73"," ","0.71"," ","0.679"," ","3.7"," "," "," ","4.7"," "," "," ","1.6","I"," "," ","11"," ","220","BQ"," "," ","23.681"," ","20713"," ","5.91"," ","7.31"," "," "," ","17"," "," "," "," "," "
"144","gtmpcnut","2018-12-03 19:30:00","2","5"," ","0.032"," ","0.067"," ","0.043"," ","0.004","I","0.26"," ","0.27"," ","0.313"," ","1.05"," ","0.78"," ","0.737"," ","2.8"," "," "," ","4.0"," "," "," ","1.8","I"," "," ","16"," ","110","Q"," "," ","21.676"," ","21759.8"," ","6.71"," ","7.25"," "," "," ","19"," "," "," "," "," "
"145","gtmpcnut","2018-01-15 22:00:00","2","6"," ","0.037"," ","0.067"," ","0.038"," ","0.003","U","0.019"," ","0.021"," ","0.059"," ","0.921"," ","0.9"," ","0.862"," ","0.64","I"," "," ","1.3"," "," "," ","1.0","I"," "," ","6","I","320","Q"," "," ","12.45"," ","3778.5"," ","8.94"," ","6.99"," "," "," ","29"," "," "," "," "," "
"146","gtmpcnut","2018-02-12 22:00:00","2","6"," ","0.042"," ","0.076"," ","0.027"," ","0.003","U","0.026"," ","0.026"," ","0.053"," ","0.926"," ","0.9"," ","0.873"," ","0.99","I"," "," ","1.7"," "," "," ","1.1","I"," "," ","10"," ","290","Q"," "," ","19.447"," ","295.4"," ","6.39"," ","6.57"," "," "," ","30"," "," "," "," "," "
"147","gtmpcnut","2018-03-26 22:00:00","2","6"," ","0.022"," ","0.059"," ","0.006"," ","0.002","U","0.004","U","0.004","U","0.01"," ","0.344"," ","0.34","I","0.334"," ","4.1"," "," "," ","5.3"," "," "," ","1.9"," "," "," ","16"," ","76","Q"," "," ","20.11"," ","42280"," ","7.03"," ","7.83"," "," "," ","5.3"," "," "," "," "," "
"148","gtmpcnut","2018-04-24 22:00:00","2","6"," ","0.032"," ","0.075"," ","0.018"," ","0.006"," ","0.009","I","0.015"," ","0.033"," ","0.955"," ","0.94"," ","0.922"," ","4.9"," "," "," ","7.1"," "," "," ","3.4"," "," "," ","12"," ","160","BQ"," "," ","24.721"," ","12158.1"," ","5.63"," ","8.06"," "," "," ","25"," "," "," "," "," "
"149","gtmpcnut","2018-05-28 22:00:00","2","6"," ","0.049"," ","0.13"," ","0.024"," ","0.003","U","0.021"," ","0.023"," ","0.047"," ","1.323"," ","1.3"," ","1.276"," ","4.4"," "," "," ","7.0"," "," "," ","4.0"," "," "," ","26"," ","220","Q"," "," ","27.02"," ","437.4"," ","5.63"," ","6.7"," "," "," ","42"," "," "," "," "," "
"150","gtmpcnut","2018-06-11 22:00:00","2","6"," ","0.038"," ","0.094"," ","0.043"," ","0.013","Q","0.012","Q","0.025"," ","0.068"," ","1.325"," ","1.3"," ","1.257"," ","3.7"," "," "," ","5.1"," "," "," ","2.0"," "," "," ","17"," ","280","Q"," "," ","27.562"," ","7371.5"," ","5.75"," ","6.93"," "," "," ","32"," "," "," "," "," "
"151","gtmpcnut","2018-07-23 22:00:00","2","6"," ","0.031"," ","0.092"," ","0.004","I","0.003","I","0.014"," ","0.017"," ","0.021"," ","0.727"," ","0.71"," ","0.706"," ","17"," "," "," ","21"," "," "," ","6.0"," "," "," ","19"," ","13","BQ"," "," ","29.328"," ","29062.4"," ","7"," ","7.37"," "," "," ","14"," "," "," "," "," "
"152","gtmpcnut","2018-08-06 22:00:00","2","6"," ","0.036"," ","0.055"," ","0.007"," ","0.003","U","0.012"," ","0.012"," ","0.019"," ","1.212"," ","1.2"," ","1.193"," ","1.4","I"," "," ","2.2"," "," "," ","1.1","I"," "," ","12"," ","210","Q"," "," ","30.218"," ","192.2"," ","4.5"," ","6.28"," "," "," ","43"," "," "," "," "," "
"153","gtmpcnut","2018-09-04 22:00:00","2","6"," ","0.045"," ","0.090"," ","0.004","I","0.007"," ","0.018"," ","0.026"," ","0.03"," ","0.816"," ","0.79"," ","0.786"," ","15"," "," "," ","20"," "," "," ","8.2"," "," "," ","12"," ","78","Q"," "," ","31.034"," ","6513.7"," ","5.83"," ","7.27"," "," "," ","22"," "," "," "," "," "
"154","gtmpcnut","2018-10-22 22:00:00","2","6"," ","0.041"," ","0.077"," ","0.041"," ","0.006"," ","0.021"," ","0.027"," ","0.068"," ","0.827"," ","0.8"," ","0.759"," ","9.3"," "," "," ","15"," "," "," ","8.3"," "," "," ","110"," ","86","Q"," "," ","23.49"," ","26396.5"," ","6.71"," ","7.45"," "," "," ","18"," "," "," "," "," "
"155","gtmpcnut","2018-11-05 22:00:00","2","6"," ","0.030"," ","0.062"," ","0.021"," ","0.003","I","0.011"," ","0.014"," ","0.035"," ","0.564"," ","0.55"," ","0.529"," ","3.3","I"," "," ","4.1"," "," "," ","1.2","U"," "," ","8","I","73","BQ"," "," ","24.104"," ","31536"," ","6.24"," ","7.66"," "," "," ","12"," "," "," "," "," "
"156","gtmpcnut","2018-12-03 22:00:00","2","6"," ","0.030"," ","0.062"," ","0.009"," ","0.004","I","0.27"," ","0.27"," ","0.279"," ","1"," ","0.73"," ","0.721"," ","2.8"," "," "," ","3.9"," "," "," ","1.6","I"," "," ","9","I","48","Q"," "," ","21.991"," ","24204.4"," ","6.77"," ","7.72"," "," "," ","19"," "," "," "," "," "
"157","gtmpcnut","2018-01-16 00:30:00","2","7"," ","0.038"," ","0.073"," ","0.032"," ","0.003","U","0.016"," ","0.018"," ","0.05"," ","1.018"," ","1"," ","0.968"," ","1.0","U"," "," ","1.0","I"," "," ","0.86","I"," "," ","10","I","340","Q"," "," ","12.68"," ","800"," ","8.4"," ","6.88"," "," "," ","32"," "," "," "," "," "
"158","gtmpcnut","2018-02-13 00:30:00","2","7"," ","0.045"," ","0.072"," ","0.025"," ","0.003","U","0.023"," ","0.023"," ","0.048"," ","0.903"," ","0.88"," ","0.855"," ","0.56","I"," "," ","0.89","I"," "," ","0.50","I"," "," ","5","I","220","Q"," "," ","19.372"," ","4477.1"," ","6.8"," ","6.77"," "," "," ","31"," "," "," "," "," "
"159","gtmpcnut","2018-03-27 00:30:00","2","7"," ","0.026"," ","0.069"," ","0.012"," ","0.002","U","0.005","I","0.006","I","0.018"," ","0.456"," ","0.45"," ","0.438"," ","5.8"," "," "," ","7.7"," "," "," ","2.8"," "," "," ","14"," ","220","Q"," "," ","19.94"," ","29557"," ","6.35"," ","7.46"," "," "," ","7.9"," "," "," "," "," "
"160","gtmpcnut","2018-04-25 00:30:00","2","7"," ","0.042"," ","0.073"," ","0.034"," ","0.007"," ","0.014"," ","0.021"," ","0.055"," ","0.851"," ","0.83"," ","0.796"," ","2.5"," "," "," ","3.9"," "," "," ","2.0"," "," "," ","9","I","210","Q"," "," ","23.623"," ","7520.3"," ","5.26"," ","7.8"," "," "," ","29"," "," "," "," "," "
"161","gtmpcnut","2018-05-29 00:30:00","2","7"," ","0.045"," ","0.14"," ","0.03"," ","0.003","U","0.022"," ","0.023"," ","0.053"," ","1.423"," ","1.4"," ","1.37"," ","6.9"," "," "," ","11"," "," "," ","6.9"," "," "," ","47"," ","180","BQ"," "," ","27.085"," ","2335.6"," ","5.85"," ","6.97"," "," "," ","39"," "," "," "," "," "
"162","gtmpcnut","2018-06-12 00:30:00","2","7"," ","0.039"," ","0.095"," ","0.029"," ","0.003","U","0.026"," ","0.028"," ","0.057"," ","1.328"," ","1.3"," ","1.271"," ","1.9"," "," "," ","3.1"," "," "," ","1.9"," "," "," ","19"," ","380","Q"," "," ","26.944"," ","3122.3"," ","5.11"," ","6.65"," "," "," ","35"," "," "," "," "," "
"163","gtmpcnut","2018-07-24 00:30:00","2","7"," ","0.037"," ","0.096"," ","0.049"," ","0.006"," ","0.026"," ","0.032"," ","0.081"," ","0.852"," ","0.82"," ","0.771"," ","4.9"," "," "," ","6.9"," "," "," ","3.0"," "," "," ","19"," ","10","BQ"," "," ","28.77"," ","17655.1"," ","5.38"," ","7.3"," "," "," ","18"," "," "," "," "," "
"164","gtmpcnut","2018-08-07 00:30:00","2","7"," ","0.035"," ","0.053"," ","0.009"," ","0.003","U","0.012"," ","0.013"," ","0.022"," ","1.213"," ","1.2"," ","1.191"," ","0.65","I"," "," ","1.0","I"," "," ","0.57","I"," "," ","5","I","140","BQ"," "," ","29.013"," ","139"," ","4.53"," ","6.26"," "," "," ","43"," "," "," "," "," "
"165","gtmpcnut","2018-09-05 00:30:00","2","7"," ","0.052"," ","0.082"," ","0.003","I","0.004","I","0.048"," ","0.051"," ","0.054"," ","0.821"," ","0.77"," ","0.767"," ","4.4"," "," "," ","6.2"," "," "," ","2.7"," "," "," ","14"," ","100","BQ"," "," ","29.639"," ","1153.3"," ","4.82"," ","7.07"," "," "," ","24"," "," "," "," "," "
"166","gtmpcnut","2018-10-23 00:30:00","2","7"," ","0.042"," ","0.10"," ","0.04"," ","0.005"," ","0.021"," ","0.026"," ","0.066"," ","0.926"," ","0.9"," ","0.86"," ","6.9"," "," "," ","11"," "," "," ","5.8"," "," "," ","42"," ","66","Q"," "," ","23.349"," ","27867.1"," ","6.61"," ","7.49"," "," "," ","18"," "," "," "," "," "
"167","gtmpcnut","2018-11-06 00:30:00","2","7"," ","0.034"," ","0.077"," ","0.033"," ","0.004","IJ","0.018","J","0.022"," ","0.055"," ","0.722"," ","0.7"," ","0.667"," ","3.7"," "," "," ","5.3"," "," "," ","2.4","I"," "," ","15"," ","240","Q"," "," ","23.433"," ","19290.8"," ","5.69"," ","7.31"," "," "," ","17"," "," "," "," "," "
"168","gtmpcnut","2018-12-04 00:30:00","2","7"," ","0.034"," ","0.060"," ","0.009"," ","0.005","I","0.26"," ","0.26"," ","0.269"," ","1.07"," ","0.81"," ","0.801"," ","1.2","I"," "," ","1.8"," "," "," ","0.90","I"," "," ","5","I","100","Q"," "," ","20.335"," ","12850"," ","6.65"," ","7.34"," "," "," ","26"," "," "," "," "," "
"169","gtmpcnut","2018-01-16 03:00:00","2","8"," ","0.035"," ","0.061"," ","0.022"," ","0.003","U","0.012"," ","0.013"," ","0.035"," ","0.953"," ","0.94"," ","0.918"," ","0.55","U"," "," ","0.66","I"," "," ","0.40","U"," "," ","4","I","310","Q"," "," ","12.07"," ","329.6"," ","8.24"," ","6.71"," "," "," ","32"," "," "," "," "," "
"170","gtmpcnut","2018-02-13 03:00:00","2","8"," ","0.044"," ","0.076"," ","0.024"," ","0.010"," ","0.004","U","0.013"," ","0.037"," ","0.933"," ","0.92"," ","0.896"," ","0.79","U"," "," ","0.57","U"," "," ","0.57","U"," "," ","3","U","150","BQ"," "," ","19.681"," ","18474.7"," ","6.73"," ","7.14"," "," "," ","31"," "," "," "," "," "
"171","gtmpcnut","2018-03-27 03:00:00","2","8"," ","0.029"," ","0.059"," ","0.016"," ","0.002","U","0.006","I","0.007","I","0.023"," ","0.477"," ","0.47"," ","0.454"," ","5.3","A"," "," ","6.5","A"," "," ","1.7","I"," "," ","10"," ","240","Q"," "," ","19.68"," ","22744"," ","6.15"," ","7.31"," "," "," ","9.0"," "," "," "," "," "
"172","gtmpcnut","2018-04-25 03:00:00","2","8"," ","0.048"," ","0.079"," ","0.033"," ","0.003","U","0.032"," ","0.033"," ","0.066"," ","0.913"," ","0.88"," ","0.847"," ","1.6","I"," "," ","2.3"," "," "," ","1.1","I"," "," ","5","I","210","Q"," "," ","22.671"," ","3939.7"," ","5.21"," ","7.67"," "," "," ","31"," "," "," "," "," "
"173","gtmpcnut","2018-05-29 03:00:00","2","8"," ","0.047"," ","0.11"," ","0.011"," ","0.003","U","0.016"," ","0.017"," ","0.028"," ","1.217"," ","1.2"," ","1.189"," ","2.3","I"," "," ","4.3"," "," "," ","3.1"," "," "," ","17"," ","150","BQ"," "," ","26.078"," ","299.6"," ","5.16"," ","6.61"," "," "," ","40"," "," "," "," "," "
"174","gtmpcnut","2018-06-12 03:00:00","2","8"," ","0.041"," ","0.070"," ","0.023"," ","0.003","U","0.020"," ","0.021"," ","0.044"," ","1.221"," ","1.2"," ","1.177"," ","1.3","I"," "," ","2.4"," "," "," ","1.7","I"," "," ","10","I","130","BQ"," "," ","25.859"," ","368.3"," ","4.78"," ","6.41"," "," "," ","39"," "," "," "," "," "
"175","gtmpcnut","2018-07-24 03:00:00","2","8"," ","0.043"," ","0.076"," ","0.067"," ","0.008"," ","0.031"," ","0.039"," ","0.106"," ","0.809"," ","0.77"," ","0.703"," ","5.0"," "," "," ","7.2"," "," "," ","3.3"," "," "," ","8","I","120","Q"," "," ","27.958"," ","8559.3"," ","4.33"," ","6.99"," "," "," ","23"," "," "," "," "," "
"176","gtmpcnut","2018-08-07 03:00:00","2","8"," ","0.034"," ","0.054"," ","0.01"," ","0.003","U","0.011"," ","0.011"," ","0.021"," ","1.111"," ","1.1"," ","1.09"," ","0.58","I"," "," ","0.80","I"," "," ","0.40","U"," "," ","4","I","250","Q"," "," ","28.068"," ","130.5"," ","4.52"," ","6.26"," "," "," ","42"," "," "," "," "," "
"177","gtmpcnut","2018-09-05 03:00:00","2","8"," ","0.052"," ","0.081"," ","0.004","I","0.003","U","0.046"," ","0.049"," ","0.053"," ","0.839"," ","0.79"," ","0.786"," ","3.0","I"," "," ","4.2"," "," "," ","1.7","I"," "," ","5","I","130","BQ"," "," ","29.032"," ","651.4"," ","4.56"," ","7.0"," "," "," ","24"," "," "," "," "," "
"178","gtmpcnut","2018-10-23 03:00:00","2","8"," ","0.047"," ","0.090"," ","0.048"," ","0.007"," ","0.027"," ","0.034"," ","0.082"," ","0.934"," ","0.9"," ","0.852"," ","3.2"," "," "," ","4.8"," "," "," ","2.4","I"," "," ","10"," ","100","BQ"," "," ","23.763"," ","12533"," ","5.54"," ","7.0"," "," "," ","26"," "," "," "," "," "
"179","gtmpcnut","2018-11-06 03:00:00","2","8"," ","0.037"," ","0.064"," ","0.026"," ","0.005","I","0.017"," ","0.022"," ","0.048"," ","0.722"," ","0.7"," ","0.674"," ","1.6","I"," "," ","2.2"," "," "," ","0.81","I"," "," ","5","I","200","Q"," "," ","22.575"," ","7514.1"," ","5.44"," ","7.14"," "," "," ","20"," "," "," "," "," "
"180","gtmpcnut","2018-12-04 03:00:00","2","8"," ","0.034"," ","0.058"," ","0.009"," ","0.005"," ","0.26"," ","0.26"," ","0.269"," ","1.11"," ","0.85"," ","0.841"," ","0.79","U"," "," ","1.1","I"," "," ","0.86","U"," "," ","5","I","96","Q"," "," ","19.467"," ","6356.4"," ","6.67"," ","7.15"," "," "," ","29"," "," "," "," "," "
"181","gtmpcnut","2018-01-16 05:30:00","2","9"," "," "," ","0.055"," ","0.02"," "," "," "," "," ","0.014"," ","0.034"," ","0.944"," ","0.93"," ","0.91"," ","0.55","U"," "," ","0.51","I"," "," ","0.40","U"," "," ","3","I","210","Q"," "," ","11.67"," ","297.6"," ","8.17"," ","6.66"," "," "," ","32"," "," "," "," "," "
"182","gtmpcnut","2018-02-13 05:30:00","2","9"," ","0.043"," ","0.075"," ","0.027"," ","0.003","U","0.025"," ","0.025"," ","0.052"," ","0.965"," ","0.94"," ","0.913"," ","1.2","I"," "," ","1.6"," "," "," ","0.46","I"," "," ","3","I","130","BQ"," "," ","19.418"," ","3236.9"," ","6.46"," ","6.73"," "," "," ","32"," "," "," "," "," "
"183","gtmpcnut","2018-03-27 05:30:00","2","9"," ","0.026"," ","0.065"," ","0.015"," ","0.002","U","0.004","U","0.005","I","0.02"," ","0.465"," ","0.46"," ","0.445"," ","4.9"," "," "," ","6.3"," "," "," ","2.0"," "," "," ","14"," ","250","Q"," "," ","19.35"," ","30881"," ","6.26"," ","7.43"," "," "," ","7.8"," "," "," "," "," "
"184","gtmpcnut","2018-04-25 05:30:00","2","9"," ","0.038"," ","0.080"," ","0.037"," ","0.007"," ","0.011"," ","0.018"," ","0.055"," ","0.928"," ","0.91"," ","0.873"," ","6.2"," "," "," ","8.3"," "," "," ","3.2"," "," "," ","16"," ","100","Q"," "," ","22.626"," ","18794.1"," ","5.56"," ","7.97"," "," "," ","26"," "," "," "," "," "
"185","gtmpcnut","2018-05-29 05:30:00","2","9"," ","0.042"," ","0.083"," ","0.008"," ","0.003","U","0.012"," ","0.012"," ","0.02"," ","1.212"," ","1.2"," ","1.192"," ","1.4","I"," "," ","2.4"," "," "," ","1.5","I"," "," ","7","I","150","BQ"," "," ","25.362"," ","220.6"," ","4.6"," ","6.54"," "," "," ","39"," "," "," "," "," "
"186","gtmpcnut","2018-06-12 05:30:00","2","9"," ","0.042"," ","0.069"," ","0.021"," ","0.003","U","0.018"," ","0.019"," ","0.04"," ","1.219"," ","1.2"," ","1.179"," ","0.95","I"," "," ","1.5"," "," "," ","0.83","I"," "," ","6","I","150","BQ"," "," ","25.27"," ","230.1"," ","4.62"," ","6.38"," "," "," ","39"," "," "," "," "," "
"187","gtmpcnut","2018-07-24 05:30:00","2","9"," ","0.042"," ","0.079"," ","0.048"," ","0.008"," ","0.032"," ","0.04"," ","0.088"," ","0.88"," ","0.84"," ","0.792"," ","3.4","I"," "," ","4.2"," "," "," ","1.2","I"," "," ","4","I","88","Q"," "," ","27.591"," ","5154.9"," ","3.93"," ","6.89"," "," "," ","25"," "," "," "," "," "
"188","gtmpcnut","2018-08-07 05:30:00","2","9"," ","0.040"," ","0.061"," ","0.018"," ","0.003","U","0.013"," ","0.013"," ","0.031"," ","1.113"," ","1.1"," ","1.082"," ","1.0","I"," "," ","1.6"," "," "," ","0.85","I"," "," ","5","I","270","Q"," "," ","28.275"," ","251.8"," ","4.44"," ","6.31"," "," "," ","42"," "," "," "," "," "
"189","gtmpcnut","2018-09-05 05:30:00","2","9"," ","0.053"," ","0.096"," ","0.024"," ","0.003","I","0.046"," ","0.049"," ","0.073"," ","0.869"," ","0.82"," ","0.796"," ","8.0"," "," "," ","10"," "," "," ","3.5"," "," "," ","10","A","55","BQ"," "," ","29.409"," ","3600.5"," ","5.15"," ","7.11"," "," "," ","23"," "," "," "," "," "
"190","gtmpcnut","2018-10-23 05:30:00","2","9"," ","0.048"," ","0.082"," ","0.045"," ","0.008"," ","0.026"," ","0.034"," ","0.079"," ","0.984"," ","0.95"," ","0.905"," ","2.1"," "," "," ","2.7"," "," "," ","0.86","I"," "," ","8","I","250","Q"," "," ","23.734"," ","7991.5"," ","5.08"," ","6.9"," "," "," ","28"," "," "," "," "," "
"191","gtmpcnut","2018-11-06 05:30:00","2","9"," ","0.039"," ","0.065"," ","0.023"," ","0.003","U","0.026"," ","0.029"," ","0.052"," ","0.699"," ","0.67"," ","0.647"," ","1.6","I"," "," ","2.0"," "," "," ","0.68","U"," "," ","4","I","210","Q"," "," ","22.204"," ","4158.2"," ","5.28"," ","7.11"," "," "," ","21"," "," "," "," "," "
"192","gtmpcnut","2018-12-04 05:30:00","2","9"," ","0.036"," ","0.063"," ","0.009"," ","0.005"," ","0.25"," ","0.25"," ","0.259"," ","1.06"," ","0.81"," ","0.801"," ","2.2"," "," "," ","2.9"," "," "," ","1.1","I"," "," ","5","I","140","BQ"," "," ","19.414"," ","7399"," ","6.7"," ","7.13"," "," "," ","28"," "," "," "," "," "
"193","gtmpinut","2018-01-16 10:23:00","1","1"," ","0.036"," ","0.057"," ","0.04"," ","0.002","I","0.032"," ","0.034"," ","0.074"," ","0.544"," ","0.51"," ","0.47"," ","3.6"," "," "," ","4.0"," "," "," ","0.53","U"," "," ","6","I","3","BQ"," "," ","11.5"," ","38646"," ","10.72"," ","6.73"," "," "," ","8.0"," ","0.51"," ","0.47"," "
"194","gtmpinut","2018-02-13 09:13:00","1","1"," ","0.032"," ","0.056"," ","0.035"," ","0.002","I","0.014"," ","0.016"," ","0.051"," ","0.636"," ","0.62"," ","0.585"," ","3.5"," "," "," ","4.4"," "," "," ","1.3"," "," "," ","6","I","7","BQ"," "," ","19.5"," ","33720"," ","7.29"," ","7.27"," "," "," ","9.2"," ","0.5"," ","0.465"," "
"195","gtmpinut","2018-03-27 08:17:00","1","1"," ","0.012"," ","0.040"," ","0.014"," ","0.002","U","0.004","U","0.004","U","0.018"," ","0.334"," ","0.33","I","0.316"," ","2.1"," "," "," ","2.4"," "," "," ","0.51","I"," "," ","11"," ","2","BQ"," "," ","17.8"," ","49750"," ","7.34"," ","6.93"," "," "," ","4.2"," ","0.48"," ","0.466"," "
"196","gtmpinut","2018-04-25 08:00:00","1","1"," ","0.015"," ","0.043"," ","0.021"," ","0.002","U","0.007","I","0.008","I","0.029"," ","0.468"," ","0.46"," ","0.439"," ","5.3"," "," "," ","6.2"," "," "," ","1.2","I"," "," ","8","I","10","BQ"," "," ","22.1"," ","44838"," ","6.64"," ","7.28"," "," "," ","5.6"," ","0.46"," ","0.439"," "
"197","gtmpinut","2018-05-29 10:23:00","1","1"," ","0.023"," ","0.067"," ","0.043"," ","0.003","I","0.006","I","0.009","I","0.052"," ","0.629"," ","0.62"," ","0.577"," ","6.9"," "," "," ","8.9"," "," "," ","2.9"," "," "," ","18"," ","2","BQ"," "," ","26.5"," ","47019"," ","5.54"," ","6.88"," "," "," ","5.6"," ","0.58"," ","0.537"," "
"198","gtmpinut","2018-06-12 09:36:00","1","1"," ","0.045"," ","0.087"," ","0.11"," ","0.009"," ","0.017"," ","0.025"," ","0.135"," ","0.745"," ","0.72"," ","0.61"," ","5.0"," "," "," ","7.1"," "," "," ","3.2"," "," "," ","14"," ","6","BQ"," "," ","27.6"," ","31917"," ","3.87"," ","6.75"," "," "," ","11"," ","0.55"," ","0.44"," "
"199","gtmpinut","2018-07-24 09:17:00","1","1"," ","0.041"," ","0.065"," ","0.037"," ","0.073"," ","0.082","U","0.032"," ","0.069"," ","0.642"," ","0.61"," ","0.573"," ","4.4"," "," "," ","5.8"," "," "," ","2.0"," "," "," ","8","I","8","BQ"," "," ","27.0"," ","33202"," ","4.15"," ","6.94"," "," "," ","10"," ","0.68"," ","0.643"," "
"200","gtmpinut","2018-08-07 07:38:00","1","1"," ","0.039"," ","0.084"," ","0.019"," ","0.060"," ","0.091","U","0.014"," ","0.033"," ","0.894"," ","0.88"," ","0.861"," ","11"," "," "," ","14"," "," "," ","4.7"," "," "," ","12"," ","3","BQ"," "," ","31.1"," ","25661"," ","4.09"," ","6.91"," "," "," ","13"," ","0.65"," ","0.631"," "
"201","gtmpinut","2018-09-05 07:26:00","1","1"," ","0.046"," ","0.074"," ","0.037"," ","0.094"," ","0.078","U","0.055"," ","0.092"," ","0.775"," ","0.72"," ","0.683"," ","3.7"," "," "," ","4.8"," "," "," ","1.7"," "," "," ","7","IA","3","BQ"," "," ","29.3"," ","32668"," ","4.42"," ","7.50"," "," "," ","10"," ","0.8"," ","0.763"," "
"202","gtmpinut","2018-10-23 11:34:00","1","1"," ","0.037"," ","0.065"," ","0.058"," ","0.006"," ","0.020"," ","0.027"," ","0.085"," ","0.587"," ","0.56"," ","0.502"," ","4.6"," "," "," ","5.4"," "," "," ","0.98","I"," "," ","10","I","2","UQ"," "," ","24.3"," ","46613"," ","5.49"," ","7.58"," "," "," ","6.2"," ","0.49"," ","0.432"," "
"203","gtmpinut","2018-11-06 09:23:00","1","1"," ","0.024"," ","0.061"," ","0.038"," ","0.008"," ","0.011"," ","0.018"," ","0.056"," ","0.438"," ","0.42"," ","0.382"," ","3.5"," "," "," ","4.2"," "," "," ","0.90","I"," "," ","16","A","11","BQ"," "," ","22.8"," ","50994"," ","4.77"," ","7.74"," "," "," ","3.6"," ","0.27","I","0.232"," "
"204","gtmpinut","2018-12-04 08:31:00","1","1"," ","0.022"," ","0.049"," ","0.04"," ","0.002","U","0.14"," ","0.15"," ","0.19"," ","0.59"," ","0.44"," ","0.4"," ","3.0"," "," "," ","3.6"," "," "," ","0.91","I"," "," ","8","I","18","BQ"," "," ","19.0"," ","44611"," ","6.22"," ","7.67"," "," "," ","5.4"," ","0.48"," ","0.44"," "
"205","gtmpinut","2018-01-16 10:26:00","1","2"," ","0.036"," ","0.055"," ","0.038"," ","0.002","U","0.028"," ","0.03"," ","0.068"," ","0.51"," ","0.48"," ","0.442"," ","3.4"," "," "," ","3.7"," "," "," ","0.60","U"," "," ","7","I","7","BQ"," "," ","11.5"," ","38646"," ","10.72"," ","6.73"," "," "," ","7.8"," ","0.46"," ","0.422"," "
"206","gtmpinut","2018-02-13 09:15:00","1","2"," ","0.032"," ","0.056"," ","0.032"," ","0.002","I","0.014"," ","0.016"," ","0.048"," ","0.606"," ","0.59"," ","0.558"," ","2.7"," "," "," ","3.4"," "," "," ","1.0","I"," "," ","6","I","10","BQ"," "," ","19.5"," ","33720"," ","7.29"," ","7.27"," "," "," ","9.1"," ","0.49"," ","0.458"," "
"207","gtmpinut","2018-03-27 08:20:00","1","2"," ","0.012"," ","0.039"," ","0.014"," ","0.002","U","0.004","U","0.004","U","0.018"," ","0.324"," ","0.32","I","0.306"," ","3.3"," "," "," ","4.0"," "," "," ","1.1","I"," "," ","11"," ","2","UQ"," "," ","17.8"," ","49750"," ","7.34"," ","6.93"," "," "," ","4.3"," ","0.39","I","0.376"," "
"208","gtmpinut","2018-04-25 08:02:00","1","2"," ","0.016"," ","0.041"," ","0.02"," ","0.002","U","0.007","I","0.008","I","0.028"," ","0.458"," ","0.45"," ","0.43"," ","4.2","AJ"," "," ","5.1","AJ"," "," ","1.7"," "," "," ","7","I","7","BQ"," "," ","22.1"," ","44838"," ","6.64"," ","7.28"," "," "," ","5.6"," ","0.45"," ","0.43"," "
"209","gtmpinut","2018-05-29 10:24:00","1","2"," ","0.023"," ","0.068"," ","0.04"," ","0.003","I","0.006","I","0.009","I","0.049"," ","0.639"," ","0.63"," ","0.59"," ","6.7"," "," "," ","8.6"," "," "," ","2.6"," "," "," ","17"," ","3","BQ"," "," ","26.5"," ","47019"," ","5.54"," ","6.88"," "," "," ","5.5"," ","0.54"," ","0.5"," "
"210","gtmpinut","2018-06-12 09:39:00","1","2"," ","0.045"," ","0.087"," ","0.1"," ","0.008"," ","0.016"," ","0.025"," ","0.125"," ","0.795"," ","0.77"," ","0.67"," ","5.4","A"," "," ","8.0","A"," "," ","4.0","A"," "," ","15"," ","15","BQ"," "," ","27.6"," ","31917"," ","3.87"," ","6.75"," "," "," ","11"," ","0.57"," ","0.47"," "
"211","gtmpinut","2018-07-24 09:19:00","1","2"," ","0.040"," ","0.073"," ","0.036"," ","0.071"," ","0.074","U","0.034"," ","0.07"," ","0.714"," ","0.68"," ","0.644"," ","4.3"," "," "," ","5.4"," "," "," ","1.5"," "," "," ","8","IA","2","UQ"," "," ","27.0"," ","33202"," ","4.15"," ","6.94"," "," "," ","11"," ","0.64"," ","0.604"," "
"212","gtmpinut","2018-08-07 07:39:00","1","2"," ","0.040"," ","0.079"," ","0.017"," ","0.058"," ","0.088","U","0.014"," ","0.031"," ","0.964"," ","0.95"," ","0.933"," ","11"," "," "," ","14"," "," "," ","4.8"," "," "," ","13"," ","3","BQ"," "," ","31.1"," ","25661"," ","4.09"," ","6.91"," "," "," ","13"," ","0.56"," ","0.543"," "
"213","gtmpinut","2018-09-05 07:30:00","1","2"," ","0.047"," ","0.075"," ","0.035"," ","0.096"," ","0.090","U","0.052"," ","0.087"," ","0.832"," ","0.78"," ","0.745"," ","3.8"," "," "," ","5.0"," "," "," ","1.7"," "," "," ","11"," ","3","BQ"," "," ","29.3"," ","32668"," ","4.42"," ","7.50"," "," "," ","10"," ","0.72"," ","0.685"," "
"214","gtmpinut","2018-10-23 11:36:00","1","2"," ","0.039"," ","0.066"," ","0.058"," ","0.007"," ","0.015"," ","0.022"," ","0.08"," ","0.582"," ","0.56"," ","0.502"," ","5.4"," "," "," ","6.1"," "," "," ","0.93","I"," "," ","10"," ","5","BQ"," "," ","24.3"," ","46613"," ","5.49"," ","7.58"," "," "," ","6.3"," ","0.49"," ","0.432"," "
"215","gtmpinut","2018-11-06 09:26:00","1","2"," ","0.025"," ","0.061"," ","0.039"," ","0.008"," ","0.009","I","0.017"," ","0.056"," ","0.527"," ","0.51"," ","0.471"," ","4.6"," "," "," ","5.6"," "," "," ","1.3","I"," "," ","16"," ","8","BQ"," "," ","22.8"," ","50994"," ","4.77"," ","7.74"," "," "," ","3.7"," ","0.3","I","0.261"," "
"216","gtmpinut","2018-12-04 08:33:00","1","2"," ","0.023"," ","0.046"," ","0.035"," ","0.002","U","0.15"," ","0.15"," ","0.185"," ","0.66"," ","0.51"," ","0.475"," ","2.7"," "," "," ","3.2"," "," "," ","0.68","I"," "," ","8","I","23","BQ"," "," ","19.0"," ","44611"," ","6.22"," ","7.67"," "," "," ","5.4"," ","0.4"," ","0.365"," "
"217","gtmssnut","2018-01-16 11:38:00","1","1"," ","0.016"," ","0.039"," ","0.012"," ","0.002","U","0.027"," ","0.028"," ","0.04"," ","0.338"," ","0.31","I","0.298"," ","3.3"," "," "," ","3.9"," "," "," ","0.74","I"," "," ","9","I","16","BQ"," "," ","10.9"," ","20241"," ","10.94"," ","7.21"," "," "," ","3.3"," ","0.36","I","0.348"," "
"218","gtmssnut","2018-02-13 10:51:00","1","1"," ","0.027"," ","0.064"," ","0.039"," ","0.002","U","0.048"," ","0.049"," ","0.088"," ","0.509"," ","0.46"," ","0.421"," ","2.4"," "," "," ","3.4"," "," "," ","1.6"," "," "," ","20"," ","45","BQ"," "," ","17.8"," ","46743"," ","7.61"," ","7.66"," "," "," ","5.0"," ","0.39","I","0.351"," "
"219","gtmssnut","2018-03-27 09:54:00","1","1"," ","0.011"," ","0.038"," ","0.017"," ","0.002","U","0.015"," ","0.015"," ","0.032"," ","0.275"," ","0.26","I","0.243"," ","2.4"," "," "," ","2.9"," "," "," ","0.71","I"," "," ","12"," ","34","BQ"," "," ","17.6"," ","52550"," ","7.69"," ","7.44"," "," "," ","2.5"," ","0.16","U","0.143"," "
"220","gtmssnut","2018-04-25 09:10:00","1","1"," ","0.023"," ","0.069"," ","0.055"," ","0.002","U","0.044"," ","0.046"," ","0.101"," ","0.526"," ","0.48"," ","0.425"," ","2.6"," "," "," ","3.5"," "," "," ","1.3"," "," "," ","30","A","11","BQ"," "," ","20.6"," ","51744"," ","7.53"," ","7.54"," "," "," ","3.3"," ","0.36","I","0.305"," "
"221","gtmssnut","2018-05-29 11:39:00","1","1"," ","0.025"," ","0.069"," ","0.075"," ","0.005","I","0.029"," ","0.034"," ","0.109"," ","0.644"," ","0.61"," ","0.535"," ","9.1"," "," "," ","11"," "," "," ","2.7"," "," "," ","30"," ","21","BQ"," "," ","26.8"," ","49301"," ","5.63"," ","7.35"," "," "," ","4.1"," ","0.52"," ","0.445"," "
"222","gtmssnut","2018-06-12 10:42:00","1","1"," ","0.041"," ","0.10"," ","0.13"," ","0.007"," ","0.041"," ","0.048"," ","0.178"," ","0.868"," ","0.82"," ","0.69"," ","3.3"," "," "," ","5.0"," "," "," ","2.7"," "," "," ","65"," ","82","Q"," "," ","27.4"," ","50113"," ","5.28"," ","7.40"," "," "," ","5.4"," ","0.53"," ","0.4"," "
"223","gtmssnut","2018-07-24 10:41:00","1","1"," ","0.039"," ","0.084"," ","0.13"," ","0.009"," ","0.039"," ","0.048"," ","0.178"," ","0.598"," ","0.55"," ","0.42"," ","4.1","A"," "," ","5.7","A"," "," ","2.4","A"," "," ","22"," ","44","BQ"," "," ","27.5"," ","51257"," ","4.39"," ","7.35"," "," "," ","4.2"," ","0.47"," ","0.34"," "
"224","gtmssnut","2018-08-07 08:58:00","1","1"," ","0.034"," ","0.10"," ","0.075"," ","0.005"," ","0.032"," ","0.037"," ","0.112"," ","0.847"," ","0.81"," ","0.735"," ","4.1"," "," "," ","6.1"," "," "," ","3.0"," "," "," ","38"," ","31","BQ"," "," ","29.3"," ","47820"," ","4.41"," ","7.54"," "," "," ","6.3"," ","0.5"," ","0.425"," "
"225","gtmssnut","2018-09-05 08:37:00","1","1"," ","0.042"," ","0.085"," ","0.1"," ","0.01"," ","0.046"," ","0.056"," ","0.156"," ","0.716"," ","0.66"," ","0.56"," ","4.3"," "," "," ","6.2"," "," "," ","2.7"," "," "," ","25"," ","23","BQ"," "," ","28.8"," ","51196"," ","4.72"," ","7.77"," "," "," ","3.9"," ","0.44"," ","0.34"," "
"226","gtmssnut","2018-10-23 10:21:00","1","1"," ","0.015"," ","0.049"," ","0.019"," ","0.018"," ","0.006","I","0.025"," ","0.044"," ","0.395"," ","0.37","I","0.351"," ","5.1"," "," "," ","6.3"," "," "," ","1.6","I"," "," ","18"," ","3","BQ"," "," ","25.1"," ","53480"," ","5.63"," ","7.94"," "," "," ","2.2"," ","0.3","I","0.281"," "
"227","gtmssnut","2018-11-06 10:30:00","1","1"," ","0.016"," ","0.056"," ","0.017"," ","0.004","I","0.008","I","0.012"," ","0.029"," ","0.382"," ","0.37","I","0.353"," ","5.2"," "," "," ","6.9"," "," "," ","2.5","I"," "," ","22"," ","25","BQ"," "," ","24.1"," ","53849"," ","5.41"," ","7.96"," "," "," ","2.2"," ","0.16","U","0.143"," "
"228","gtmssnut","2018-12-04 09:45:00","1","1"," ","0.020"," ","0.061"," ","0.029"," ","0.004","I","0.16"," ","0.16"," ","0.189"," ","0.61"," ","0.45"," ","0.421"," ","7.5"," "," "," ","9.6"," "," "," ","3.0","I"," "," ","24"," ","31","BQ"," "," ","19.5"," ","51168"," ","6.70"," ","7.98"," "," "," ","3.1"," ","0.32","I","0.291"," "
"229","gtmssnut","2018-01-16 11:40:00","1","2"," ","0.017"," ","0.037"," ","0.01"," ","0.002","U","0.031"," ","0.032"," ","0.042"," ","0.332"," ","0.3","I","0.29"," ","4.1"," "," "," ","4.8"," "," "," ","0.92","I"," "," ","8","I","25","BQ"," "," ","10.9"," ","50241"," ","10.94"," ","7.21"," "," "," ","3.4"," ","0.22","IJ","0.21"," "
"230","gtmssnut","2018-02-13 10:53:00","1","2"," ","0.026"," ","0.062"," ","0.038"," ","0.002","U","0.049"," ","0.05"," ","0.088"," ","0.52"," ","0.47"," ","0.432"," ","3.1"," "," "," ","4.8"," "," "," ","2.5"," "," "," ","22"," ","62","Q"," "," ","17.8"," ","46743"," ","7.61"," ","7.66"," "," "," ","5.2"," ","0.41"," ","0.372"," "
"231","gtmssnut","2018-03-27 09:56:00","1","2"," ","0.012"," ","0.039"," ","0.015"," ","0.002","U","0.021"," ","0.021"," ","0.036"," ","0.221"," ","0.2","I","0.185"," ","2.8"," "," "," ","3.5"," "," "," ","1.0","I"," "," ","11"," ","21","BQ"," "," ","17.6"," ","52550"," ","7.69"," ","7.44"," "," "," ","2.5"," ","0.16","U","0.145"," "
"232","gtmssnut","2018-04-25 09:13:00","1","2"," ","0.023"," ","0.072"," ","0.055"," ","0.002","I","0.045"," ","0.047"," ","0.102"," ","0.367"," ","0.32","I","0.265"," ","2.5"," "," "," ","3.9"," "," "," ","2.2"," "," "," ","23"," ","7","BQ"," "," ","20.6"," ","51744"," ","7.53"," ","7.54"," "," "," ","3.4"," ","0.34","I","0.285"," "
"233","gtmssnut","2018-05-29 11:43:00","1","2"," ","0.024"," ","0.072"," ","0.07"," ","0.005","I","0.028"," ","0.032"," ","0.102"," ","0.592"," ","0.56"," ","0.49"," ","7.4"," "," "," ","9.0"," "," "," ","2.3"," "," "," ","30"," ","10","BQ"," "," ","26.8"," ","49301"," ","5.63"," ","7.35"," "," "," ","4.1"," ","0.45"," ","0.38"," "
"234","gtmssnut","2018-06-12 10:44:00","1","2"," ","0.040"," ","0.10"," ","0.13"," ","0.007"," ","0.039"," ","0.045"," ","0.175"," ","0.835"," ","0.79"," ","0.66"," ","5.9"," "," "," ","8.4"," "," "," ","3.7"," "," "," ","61"," ","88","Q"," "," ","27.4"," ","50113"," ","5.28"," ","7.40"," "," "," ","5.4"," ","0.53"," ","0.4"," "
"235","gtmssnut","2018-07-24 10:45:00","1","2"," ","0.036"," ","0.078"," ","0.13"," ","0.009"," ","0.039"," ","0.048"," ","0.178"," ","0.628"," ","0.58"," ","0.45"," ","3.4"," "," "," ","4.9"," "," "," ","2.2"," "," "," ","23"," ","44","Q"," "," ","27.5"," ","51257"," ","4.39"," ","7.35"," "," "," ","4.0"," ","0.49"," ","0.36"," "
"236","gtmssnut","2018-08-07 08:59:00","1","2"," ","0.034"," ","0.11"," ","0.075"," ","0.005"," ","0.031"," ","0.036"," ","0.111"," ","0.976"," ","0.94"," ","0.865"," ","7.1"," "," "," ","12"," "," "," ","8.0"," "," "," ","35"," ","18","BQ"," "," ","29.3"," ","47820"," ","4.41"," ","7.54"," "," "," ","6.2"," ","0.44"," ","0.365"," "
"237","gtmssnut","2018-09-05 08:43:00","1","2"," ","0.047"," ","0.084"," ","0.1"," ","0.01"," ","0.036"," ","0.046"," ","0.146"," ","0.686"," ","0.64"," ","0.54"," ","4.5"," "," "," ","6.5"," "," "," ","3.0"," "," "," ","28"," ","11","BQ"," "," ","28.8"," ","51196"," ","4.72"," ","7.77"," "," "," ","3.8"," ","0.46"," ","0.36"," "
"238","gtmssnut","2018-10-23 10:22:00","1","2"," ","0.016"," ","0.046"," ","0.022"," ","0.015"," ","0.006","I","0.022"," ","0.044"," ","0.392"," ","0.37","I","0.348"," ","4.8"," "," "," ","5.7"," "," "," ","1.1","I"," "," ","18"," ","5","BQ"," "," ","25.1"," ","53480"," ","5.63"," ","7.94"," "," "," ","2.3"," ","0.26","I","0.238"," "
"239","gtmssnut","2018-11-06 10:31:00","1","2"," ","0.018"," ","0.062"," ","0.019"," ","0.006"," ","0.010"," ","0.017"," ","0.036"," ","0.507"," ","0.49"," ","0.471"," ","7.5"," "," "," ","8.0"," "," "," ","1.2","U"," "," ","22"," ","13","BQ"," "," ","24.1"," ","53849"," ","5.41"," ","7.96"," "," "," ","2.3"," ","0.16","UJ","0.141"," "
"240","gtmssnut","2018-12-04 09:47:00","1","2"," ","0.019"," ","0.055"," ","0.028"," ","0.004","I","0.17"," ","0.17"," ","0.198"," ","0.6"," ","0.43"," ","0.402"," ","6.8"," "," "," ","8.6"," "," "," ","2.5","I"," "," ","26"," ","39","BQ"," "," ","19.5"," ","51168"," ","6.70"," ","7.98"," "," "," ","3.1"," ","0.29","I","0.262"," "
