"","stationcode","datetimestamp","monitoringprogram","replicate","F_Record","PO4F","F_PO4F","TP","F_TP","NH4F","F_NH4F","NO2F","F_NO2F","NO3F","F_NO3F","NO23F","F_NO23F","DIN","F_DIN","TN","F_TN","TKN","F_TKN","TON","FTON","CHLA_N1","F_CHLAN1","2CHLA","F_2CHLA","UncCHLa_N1","F_UncCHLa_N1","2UncCHLa","F_2UncCHLa","PHEA1","F_PHEA1","2PHEA","F_2PHEA","TSS","F_TSS","FECCOL_CFU","F_FECCOL_CFU","ECOLI_MPN","F_ECOLI_MPN","WTEM_N","FWTEM_N","SPC","F_SPC","DO_N","F_DO_N","PH","F_PH","SECCHI","F_SECCHI","DOC","F_DOC","TKN_F","F_TKN_F","DON","F_DON","NP"
"1","fieldblank",2018-01-16 10:00:00,NA,NA,NA,"0.004","U",0.002,"I",0.002,"U","0.002","U","0.004","U",0.004,"U",0.006,NA,0.084,NA,0.08,"U",0.078,NA,"0.55","U",NA,NA,"0.40","U",NA,NA,"0.40","U",NA,NA,"2","U","1","UQ",NA,NA,NA,NA,NA,NA,NA,NA,NA,NA,NA,NA,NA,NA,NA,NA,NA,NA,42
"2","fieldblank",2018-02-13 09:07:00,NA,NA,NA,"0.004","UA",0.002,"I",0.002,"U","0.002","U","0.004","U",0.004,"U",0.006,NA,0.084,NA,0.08,"U",0.078,NA,"0.55","U",NA,NA,"0.40","U",NA,NA,"0.40","U",NA,NA,"2","U","1","UQ",NA,NA,NA,NA,NA,NA,NA,NA,NA,NA,NA,NA,NA,NA,NA,NA,NA,NA,42
"3","fieldblank",2018-03-27 08:05:00,NA,NA,NA,"0.004","U",0.002,"I",0.002,"UY","0.002","U","0.004","U",0.004,"UY",0.006,NA,0.084,NA,0.08,"U",0.078,NA,"0.55","U",NA,NA,"0.40","U",NA,NA,"0.40","U",NA,NA,"2","U","1","UQ",NA,NA,NA,NA,NA,NA,NA,NA,NA,NA,NA,NA,NA,NA,NA,NA,NA,NA,42
"4","fieldblank",2018-04-25 07:53:00,NA,NA,NA,"0.004","U",0.003,"IY",0.002,"UY","0.002","U","0.004","UY",0.004,"UY",0.006,NA,0.084,NA,0.08,"UY",0.078,NA,"0.55","U",NA,NA,"0.40","U",NA,NA,"0.40","U",NA,NA,"2","U","1","UQ",NA,NA,NA,NA,NA,NA,NA,NA,NA,NA,NA,NA,NA,NA,NA,NA,NA,NA,28
"5","fieldblank",2018-05-29 10:16:00,NA,NA,NA,"0.004","U",0.002,"I",0.002,"U","0.002","U","0.004","U",0.004,"U",0.006,NA,0.084,NA,0.08,"U",0.078,NA,"0.62","U",NA,NA,"0.45","U",NA,NA,"0.45","U",NA,NA,"2","U","1","UQ",NA,NA,NA,NA,NA,NA,NA,NA,NA,NA,NA,NA,NA,NA,NA,NA,NA,NA,42
"6","fieldblank",2018-06-12 09:30:00,NA,NA,NA,"0.004","U",0.002,"U",0.002,"U","0.002","U","0.004","U",0.004,"U",0.006,NA,0.084,NA,0.08,"U",0.078,NA,"0.55","U",NA,NA,"0.40","U",NA,NA,"0.40","U",NA,NA,"2","U","1","UQ",NA,NA,NA,NA,NA,NA,NA,NA,NA,NA,NA,NA,NA,NA,NA,NA,NA,NA,42
"7","fieldblank",2018-07-24 09:10:00,NA,NA,NA,"0.004","U",0.002,"U",0.002,"U","0.002","U","0.004","U",0.004,"U",0.006,NA,0.084,NA,0.08,"U",0.078,NA,"0.55","U",NA,NA,"0.40","U",NA,NA,"0.40","U",NA,NA,"2","U","1","UQ",NA,NA,NA,NA,NA,NA,NA,NA,NA,NA,NA,NA,NA,NA,NA,NA,NA,NA,42
"8","fieldblank",2018-08-07 07:30:00,NA,NA,NA,"0.004","U",0.002,"U",0.002,"U","0.002","U","0.004","U",0.004,"U",0.006,NA,0.084,NA,0.08,"U",0.078,NA,"0.55","U",NA,NA,"0.40","U",NA,NA,"0.40","U",NA,NA,"2","U","1","UQ",NA,NA,NA,NA,NA,NA,NA,NA,NA,NA,NA,NA,NA,NA,NA,NA,NA,NA,42
"9","fieldblank",2018-09-05 07:15:00,NA,NA,NA,"0.004","U",0.002,"U",0.002,"U","0.002","U","0.004","U",0.004,"U",0.006,NA,0.084,NA,0.08,"U",0.078,NA,"0.55","U",NA,NA,"0.40","U",NA,NA,"0.40","U",NA,NA,"2","U","1","UQ",NA,NA,NA,NA,NA,NA,NA,NA,NA,NA,NA,NA,NA,NA,NA,NA,NA,NA,42
"10","fieldblank",2018-10-23 09:06:00,NA,NA,NA,"0.004","U",0.002,"UY",0.002,"UY","0.002","U","0.004","UY",0.004,"UY",0.006,NA,0.084,NA,0.08,"UY",0.078,NA,"0.55","U",NA,NA,"0.40","U",NA,NA,"0.60","U",NA,NA,"2","U","1","UQ",NA,NA,NA,NA,NA,NA,NA,NA,NA,NA,NA,NA,NA,NA,NA,NA,NA,NA,42
"11","fieldblank",2018-11-06 08:50:00,NA,NA,NA,"0.004","U",0.002,"U",0.002,"U","0.002","U","0.004","U",0.004,"U",0.006,NA,0.084,NA,0.08,"U",0.078,NA,"0.55","U",NA,NA,"0.40","U",NA,NA,"0.60","U",NA,NA,"2","U","1","UQ",NA,NA,NA,NA,NA,NA,NA,NA,NA,NA,NA,NA,NA,NA,NA,NA,NA,NA,42
"12","fieldblank",2018-12-04 08:25:00,NA,NA,NA,"0.004","U",0.002,"UY",0.002,"U","0.002","U","0.004","U",0.004,"U",0.006,NA,0.084,NA,0.08,"UY",0.078,NA,"0.69","U",NA,NA,"0.50","U",NA,NA,"0.75","U",NA,NA,"2","U",NA,NA,NA,NA,NA,NA,NA,NA,NA,NA,NA,NA,NA,NA,NA,NA,NA,NA,NA,NA,42
"13","gtmfmnut",2018-01-16 12:56:00,"1","1",NA,"0.017",NA,0.035,NA,0.01,NA,"0.002","U","0.012",NA,0.012,NA,0.022,NA,0.332,NA,0.32,"I",0.31,NA,"1.6","I",NA,NA,"2.0",NA,NA,NA,"0.47","I",NA,NA,"5","I","6","BQ",NA,NA,"12.2",NA,"48360",NA,"10.59",NA,"7.48",NA,NA,NA,"4.6",NA,0.35,"I",0.34,NA,9.48571428571429
"14","gtmfmnut",2018-02-13 12:23:00,"1","1",NA,"0.017",NA,0.039,NA,0.018,NA,"0.002","U","0.005","I",0.006,"I",0.024,NA,0.426,NA,0.42,NA,0.402,NA,"1.6","I",NA,NA,"2.3",NA,NA,NA,"1.1","I",NA,NA,"10",NA,"25","BQ",NA,NA,"19.7",NA,"47680",NA,"6.67",NA,"7.69",NA,NA,NA,"4.6",NA,0.38,"I",0.362,NA,10.9230769230769
"15","gtmfmnut",2018-03-27 11:04:00,"1","1",NA,"0.015",NA,0.033,NA,0.014,NA,"0.002","U","0.015",NA,0.015,NA,0.029,NA,0.275,NA,0.26,"I",0.246,NA,"2.3",NA,NA,NA,"2.6",NA,NA,NA,"0.40","U",NA,NA,"10","I","7","BQ",NA,NA,"18.2",NA,"52300",NA,"7.37",NA,"7.48",NA,NA,NA,"3.0",NA,0.36,"I",0.346,NA,8.33333333333333
"16","gtmfmnut",2018-04-25 10:15:00,"1","1",NA,"0.013",NA,0.041,NA,0.027,NA,"0.002","U","0.007","I",0.007,"I",0.034,NA,0.347,NA,0.34,"I",0.313,NA,"2.5",NA,NA,NA,"3.0",NA,NA,NA,"0.74","I",NA,NA,"13",NA,"5","BQ",NA,NA,"21.5",NA,"51846",NA,"6.98",NA,"7.59",NA,NA,NA,"2.8",NA,0.3,"I",0.273,NA,8.46341463414634
"17","gtmfmnut",2018-05-29 13:27:00,"1","1",NA,"0.015",NA,0.064,NA,0.023,NA,"0.002","I","0.005","I",0.007,"I",0.03,NA,0.527,NA,0.52,NA,0.497,NA,"16",NA,NA,NA,"18",NA,NA,NA,"3.2",NA,NA,NA,"20",NA,"6","BQ",NA,NA,"26.4",NA,"44611",NA,"5.78",NA,"7.53",NA,NA,NA,"6.2",NA,0.34,"I",0.317,NA,8.234375
"18","gtmfmnut",2018-06-12 11:50:00,"1","1",NA,"0.030",NA,0.068,NA,0.086,NA,"0.004","I","0.017",NA,0.021,NA,0.107,NA,0.621,NA,0.6,NA,0.514,NA,"6.3",NA,NA,NA,"7.5",NA,NA,NA,"1.6","I",NA,NA,"16",NA,"11","BQ",NA,NA,"27.2",NA,"47038",NA,"5.04",NA,"7.54",NA,NA,NA,"5.6",NA,0.41,NA,0.324,NA,9.13235294117647
"19","gtmfmnut",2018-07-24 11:48:00,"1","1",NA,"0.024",NA,0.063,"J",0.062,NA,"0.003","I","0.018",NA,0.02,NA,0.082,NA,0.43,NA,0.41,NA,0.348,NA,"4.5",NA,NA,NA,"5.7",NA,NA,NA,"1.6",NA,NA,NA,"16",NA,"7","BQ",NA,NA,"26.9",NA,"53212",NA,"4.77",NA,"7.60",NA,NA,NA,"3.3",NA,0.27,"I",0.208,NA,6.82539682539683
"20","gtmfmnut",2018-08-07 10:06:00,"1","1",NA,"0.026",NA,0.064,NA,0.059,NA,"0.002","I","0.009","I",0.011,NA,0.07,NA,0.651,NA,0.64,NA,0.581,NA,"6.0",NA,NA,NA,"8.0",NA,NA,NA,"3.0",NA,NA,NA,"15",NA,"5","BQ",NA,NA,"29.6",NA,"45876",NA,"4.07",NA,"7.69",NA,NA,NA,"7.1",NA,0.38,"I",0.321,NA,10.171875
"21","gtmfmnut",2018-09-05 09:40:00,"1","1",NA,"0.022",NA,0.051,NA,0.033,NA,"0.002","U","0.010","I",0.012,NA,0.045,NA,0.372,NA,0.36,"I",0.327,NA,"4.9",NA,NA,NA,"5.7",NA,NA,NA,"1.1","I",NA,NA,"10","IAQ","9","UQ",NA,NA,"28.1",NA,"53340",NA,"4.96",NA,"7.88",NA,NA,NA,"2.6",NA,0.24,"I",0.207,NA,7.29411764705882
"22","gtmfmnut",2018-10-23 09:09:00,"1","1",NA,"0.012",NA,0.036,NA,0.018,NA,"0.007",NA,"0.004","U",0.01,"I",0.028,NA,0.3,NA,0.29,"I",0.272,NA,"3.9",NA,NA,NA,"4.6",NA,NA,NA,"0.88","I",NA,NA,"9","I","2","UQ",NA,NA,"25.2",NA,"53990",NA,"5.97",NA,"8.02",NA,NA,NA,"2.0",NA,0.28,"I",0.262,NA,8.33333333333333
"23","gtmfmnut",2018-11-06 11:37:00,"1","1",NA,"0.017",NA,0.047,NA,0.021,NA,"0.002","I","0.008","I",0.01,"I",0.031,NA,0.42,NA,0.41,NA,0.389,NA,"3.8",NA,NA,NA,"4.4",NA,NA,NA,"0.77","I",NA,NA,"10",NA,"13","BQ",NA,NA,"24.8",NA,"53895",NA,"5.43",NA,"7.97",NA,NA,NA,"2.4",NA,0.24,"I",0.219,NA,8.93617021276596
"24","gtmfmnut",2018-12-04 10:55:00,"1","1",NA,"0.020",NA,0.043,NA,0.047,NA,"0.003","I","0.15",NA,0.15,NA,0.197,NA,0.63,NA,0.48,NA,0.433,NA,"2.2",NA,NA,NA,"2.7",NA,NA,NA,"0.74","I",NA,NA,"11","A","10","BQ",NA,NA,"20.5",NA,"50659",NA,"6.16",NA,"7.91",NA,NA,NA,"3.6",NA,0.35,"I",0.303,NA,14.6511627906977
"25","gtmfmnut",2018-01-16 12:58:00,"1","2",NA,"0.018",NA,0.035,NA,0.008,NA,"0.002","U","0.011",NA,0.011,NA,0.019,NA,0.301,NA,0.29,"I",0.282,NA,"1.3","I",NA,NA,"1.6",NA,NA,NA,"0.40","U",NA,NA,"7","I","10","BQ",NA,NA,"12.2",NA,"48360",NA,"10.59",NA,"7.48",NA,NA,NA,"4.8",NA,0.31,"I",0.302,NA,8.6
"26","gtmfmnut",2018-02-13 12:25:00,"1","2",NA,"0.016",NA,0.04,NA,0.019,NA,"0.002","U","0.006","I",0.007,"I",0.026,NA,0.407,NA,0.4,NA,0.381,NA,"1.9",NA,NA,NA,"2.5","A",NA,NA,"1.1","I",NA,NA,"10",NA,"13","BQ",NA,NA,"19.7",NA,"47680",NA,"6.67",NA,"7.69",NA,NA,NA,"5.0",NA,0.34,"I",0.321,NA,10.175
"27","gtmfmnut",2018-03-27 11:06:00,"1","2",NA,"0.014",NA,0.036,NA,0.013,NA,"0.002","U","0.014",NA,0.014,NA,0.027,NA,0.194,NA,0.18,"I",0.167,NA,"2.0",NA,NA,NA,"2.2",NA,NA,NA,"0.40","U",NA,NA,"10",NA,"2","UQ",NA,NA,"18.2",NA,"52350",NA,"7.37",NA,"7.48",NA,NA,NA,"3.1",NA,0.33,"I",0.317,NA,5.38888888888889
"28","gtmfmnut",2018-04-25 10:17:00,"1","2",NA,"0.013",NA,0.04,NA,0.026,NA,"0.002","U","0.006","I",0.006,"I",0.032,NA,0.356,NA,0.35,"I",0.324,NA,"2.9",NA,NA,NA,"3.5",NA,NA,NA,"0.86","I",NA,NA,"14",NA,"2","BQ",NA,NA,"21.5",NA,"51846",NA,"6.98",NA,"7.59",NA,NA,NA,"2.9",NA,0.24,"I",0.214,NA,8.9
"29","gtmfmnut",2018-05-29 13:30:00,"1","2",NA,"0.017",NA,0.065,NA,0.024,NA,"0.003","I","0.004","I",0.007,"I",0.031,NA,0.617,NA,0.61,NA,0.586,NA,"15",NA,NA,NA,"17",NA,NA,NA,"3.5",NA,NA,NA,"20",NA,"8","BQ",NA,NA,"26.4",NA,"44611",NA,"5.78",NA,"7.53",NA,NA,NA,"6.3",NA,0.42,NA,0.396,NA,9.49230769230769
"30","gtmfmnut",2018-06-12 11:53:00,"1","2",NA,"0.027",NA,0.063,NA,0.087,NA,"0.004","IQ","0.014","Q",0.018,NA,0.105,NA,0.598,NA,0.58,NA,0.493,NA,"6.4",NA,NA,NA,"7.7",NA,NA,NA,"1.6",NA,NA,NA,"17",NA,"15","BQ",NA,NA,"27.2",NA,"47038",NA,"5.04",NA,"7.54",NA,NA,NA,"5.6",NA,0.46,NA,0.373,NA,9.49206349206349
"31","gtmfmnut",2018-07-24 11:50:00,"1","2",NA,"0.024",NA,0.061,NA,0.06,NA,"0.003","I","0.010",NA,0.014,NA,0.074,NA,0.394,NA,0.38,"I",0.32,NA,"5.2",NA,NA,NA,"6.5",NA,NA,NA,"1.9",NA,NA,NA,"16",NA,"2","BQ",NA,NA,"26.9",NA,"53212",NA,"4.77",NA,"7.60",NA,NA,NA,"3.2",NA,0.36,"I",0.3,NA,6.45901639344262
"32","gtmfmnut",2018-08-07 10:08:00,"1","2",NA,"0.028",NA,0.067,NA,0.057,NA,"0.002","I","0.017",NA,0.02,NA,0.077,NA,0.73,NA,0.71,NA,0.653,NA,"5.6",NA,NA,NA,"7.6",NA,NA,NA,"3.0",NA,NA,NA,"13",NA,"8","BQ",NA,NA,"29.6",NA,"45876",NA,"4.07",NA,"7.69",NA,NA,NA,"7.6",NA,0.42,NA,0.363,NA,10.8955223880597
"33","gtmfmnut",2018-09-05 09:46:00,"1","2",NA,"0.022",NA,0.053,NA,0.031,NA,"0.002","U","0.007","I",0.009,"I",0.04,NA,0.369,NA,0.36,"I",0.329,NA,"5.3",NA,NA,NA,"6.3",NA,NA,NA,"1.3","I",NA,NA,"12",NA,"3","BQ",NA,NA,"28.1",NA,"53340",NA,"4.96",NA,"7.88",NA,NA,NA,"2.6",NA,0.25,"I",0.219,NA,6.9622641509434
"34","gtmfmnut",2018-10-23 09:13:00,"1","2",NA,"0.012",NA,0.035,NA,0.017,NA,"0.007",NA,"0.004","U",0.008,"I",0.025,NA,0.318,NA,0.31,"I",0.293,NA,"4.1",NA,NA,NA,"4.8",NA,NA,NA,"0.89","I",NA,NA,"10","I","5","BQ",NA,NA,"25.2",NA,"53990",NA,"5.97",NA,"8.02",NA,NA,NA,"1.8","I",0.31,"I",0.293,NA,9.08571428571429
"35","gtmfmnut",2018-11-06 11:38:00,"1","2",NA,"0.017",NA,0.047,NA,0.023,NA,"0.002","I","0.007","I",0.01,"I",0.033,NA,0.44,NA,0.43,NA,0.407,NA,"4.1",NA,NA,NA,"4.7",NA,NA,NA,"0.81","I",NA,NA,"11",NA,"13","BQ",NA,NA,"24.8",NA,"53895",NA,"5.43",NA,"7.97",NA,NA,NA,"2.4",NA,0.28,"I",0.257,NA,9.36170212765957
"36","gtmfmnut",2018-12-04 10:57:00,"1","2",NA,"0.020",NA,0.044,NA,0.046,NA,"0.003","I","0.15",NA,0.15,NA,0.196,NA,0.51,NA,0.36,"I",0.314,NA,"2.1",NA,NA,NA,"2.6",NA,NA,NA,"0.69","I",NA,NA,"10","IA","8","BQ",NA,NA,"20.5",NA,"50659",NA,"6.16",NA,"7.91",NA,NA,NA,"3.5",NA,0.3,"I",0.254,NA,11.5909090909091
"37","gtmpcnut",2018-01-16 10:54:00,"1","1",NA,"0.032",NA,0.058,NA,0.032,NA,"0.006",NA,"0.007","I",0.013,NA,0.045,NA,0.793,NA,0.78,NA,0.748,NA,"1.7",NA,"2.2","I","2.3",NA,"2.7",NA,"0.67","I","0.85","I","7","I","160","BQ","238.0","QJ","11.0",NA,"16162",NA,"9.69",NA,"6.76",NA,NA,NA,"22",NA,0.67,NA,0.638,NA,13.6724137931034
"38","gtmpcnut",2018-02-13 10:59:00,"1","1",NA,"0.047",NA,0.081,NA,0.051,NA,"0.003","U","0.037",NA,0.037,NA,0.088,NA,0.827,NA,0.79,NA,0.739,NA,"2.4",NA,"2.6",NA,"3.2",NA,"3.5",NA,"1.2","I","1.2","I","8","I","300","Q","395.0","Q","21.5",NA,"2629",NA,"6.24",NA,"6.58",NA,NA,NA,"30",NA,0.82,NA,0.769,NA,10.2098765432099
"39","gtmpcnut",2018-03-27 11:01:00,"1","1",NA,"0.022",NA,0.054,NA,0.006,NA,"0.002","U","0.004","U",0.004,"U",0.01,NA,0.314,NA,0.31,"I",0.304,NA,"5.1",NA,"5.1",NA,"5.9",NA,"5.8",NA,"1.0","I","0.90","I","9","I","94","Q","180.5","AQ","19.0",NA,"41382",NA,"6.72",NA,"7.29",NA,NA,NA,"6.0",NA,0.41,NA,0.404,NA,5.81481481481481
"40","gtmpcnut",2018-04-25 09:33:00,"1","1",NA,"0.033",NA,0.085,NA,0.022,NA,"0.006",NA,"0.008","I",0.013,NA,0.035,NA,0.893,NA,0.88,NA,0.858,NA,"11",NA,"5.7",NA,"14",NA,"7.0",NA,"3.1",NA,"1.8",NA,"11",NA,"120","BQ","228.0","Q","22.2",NA,"27081",NA,"5.80",NA,"6.55",NA,NA,NA,"23",NA,0.72,NA,0.698,NA,10.5058823529412
"41","gtmpcnut",2018-05-29 11:59:00,"1","1",NA,"0.052",NA,0.1,NA,0.036,NA,"0.003","U","0.016",NA,0.017,NA,0.053,NA,1.317,NA,1.3,NA,1.264,NA,"4.3",NA,"4.3",NA,"5.9",NA,"5.9",NA,"2.4","I","2.3","I","14",NA,"130","BQ","178.6","AQ","26.0",NA,"413.0",NA,"5.08",NA,"7.63",NA,NA,NA,"40",NA,1.1,NA,1.064,NA,13.17
"42","gtmpcnut",2018-06-12 10:30:00,"1","1",NA,"0.049",NA,0.084,NA,0.03,NA,"0.003","U","0.022",NA,0.023,NA,0.053,NA,1.323,NA,1.3,NA,1.27,NA,"6.9",NA,"7.2",NA,"8.6",NA,"8.9",NA,"2.4",NA,"2.5",NA,"10",NA,"200","Q","204.6","Q","25.6",NA,"1020",NA,"4.44",NA,"6.58",NA,NA,NA,"40",NA,1.2,NA,1.17,NA,15.75
"43","gtmpcnut",2018-07-24 10:29:00,"1","1",NA,"0.042",NA,0.091,NA,0.055,NA,"0.008",NA,"0.032",NA,0.04,NA,0.095,NA,0.94,NA,0.9,NA,0.845,NA,"13",NA,"11",NA,"15",NA,"14",NA,"3.5",NA,"3.2",NA,"7","I","46","Q","160.0","Q","27.9",NA,"8632",NA,"5.04",NA,"6.95",NA,NA,NA,"23",NA,0.78,NA,0.725,NA,10.3296703296703
"44","gtmpcnut",2018-08-07 09:54:00,"1","1",NA,"0.038",NA,0.056,NA,0.018,NA,"0.003","U","0.011",NA,0.011,NA,0.029,NA,1.311,NA,1.3,NA,1.282,NA,"0.97","I","1.0","I","1.3",NA,"1.4",NA,"0.51","I","0.59","I","4","I","230","Q","258.6","AJQ","27.5",NA,"149.4",NA,"5.13",NA,"6.10",NA,NA,NA,"43",NA,0.96,NA,0.942,NA,23.4107142857143
"45","gtmpcnut",2018-09-05 09:37:00,"1","1",NA,"0.056",NA,0.081,NA,0.031,NA,"0.003","I","0.050",NA,0.053,NA,0.084,NA,1.003,NA,0.95,NA,0.919,NA,"8.1",NA,"8.5",NA,"10",NA,"11",NA,"3.2",NA,"3.1",NA,"10",NA,"150","BQ","209.0","Q","29.0",NA,"3568",NA,"4.81",NA,"7.01",NA,NA,NA,"24",NA,0.73,NA,0.699,NA,12.3827160493827
"46","gtmpcnut",2018-10-23 11:54:00,"1","1",NA,"0.031",NA,0.075,NA,0.023,NA,"0.003","I","0.017",NA,0.02,NA,0.043,NA,0.66,NA,0.64,NA,0.617,NA,"9.5",NA,NA,NA,"11",NA,NA,NA,"2.7",NA,NA,NA,"18",NA,"60","Q","104","AQ","22.7",NA,"38339",NA,"6.31",NA,"7.41",NA,NA,NA,"13",NA,0.56,NA,0.537,NA,8.8
"47","gtmpcnut",2018-11-06 11:00:00,"1","1",NA,"0.024","Y",0.064,"Y",0.02,"Y","0.002","IY","0.013","Y",0.015,"Y",0.035,NA,0.595,NA,0.58,"Y",0.56,NA,"6.0","Y",NA,NA,"7.1","Y",NA,NA,"1.5","IY",NA,NA,"10","IY","62","Q","172.5","AQ","23.8",NA,"38038",NA,"5.56",NA,"7.25",NA,NA,NA,"9.6","Y",0.45,"Y",0.43,NA,9.296875
"48","gtmpcnut",2018-12-04 10:16:00,"1","1",NA,"0.029",NA,0.055,NA,0.057,NA,"0.003","I","0.15",NA,0.15,NA,0.207,NA,0.82,NA,0.67,NA,0.613,NA,"3.0",NA,"3.2",NA,"4.1",NA,"4.3",NA,"1.6","I","1.6","I","12",NA,"39","BQ","120.5","AQ","20.5",NA,"33184",NA,"6.49",NA,"6.90",NA,NA,NA,"14",NA,0.46,NA,0.403,NA,14.9090909090909
"49","gtmpcnut",2018-01-16 10:57:00,"1","2",NA,"0.032",NA,0.056,NA,0.027,NA,"0.006",NA,"0.005","I",0.01,NA,0.037,NA,0.88,NA,0.87,NA,0.843,NA,"1.8",NA,NA,NA,"2.4",NA,NA,NA,"0.88","I",NA,NA,"7","IA","170","BQ",NA,NA,"11.0",NA,"16162",NA,"9.69",NA,"6.76",NA,NA,NA,"22",NA,0.69,NA,0.663,NA,15.7142857142857
"50","gtmpcnut",2018-02-13 11:03:00,"1","2",NA,"0.046",NA,0.081,NA,0.051,NA,"0.003","U","0.034",NA,0.034,NA,0.085,NA,0.964,NA,0.93,NA,0.879,NA,"2.0",NA,NA,NA,"2.7",NA,NA,NA,"1.0","I",NA,NA,"7","I","270","Q",NA,NA,"21.5",NA,"2629",NA,"6.24",NA,"6.58",NA,NA,NA,"31",NA,0.81,NA,0.759,NA,11.9012345679012
"51","gtmpcnut",2018-03-27 11:06:00,"1","2",NA,"0.024",NA,0.056,NA,0.004,"I","0.002","U","0.004","U",0.004,"U",0.008,NA,0.334,NA,0.33,"I",0.326,NA,"6.2",NA,NA,NA,"7.1",NA,NA,NA,"1.2","I",NA,NA,"8","IA","150","BQ",NA,NA,"19.0",NA,"41382",NA,"6.72",NA,"7.29",NA,NA,NA,"5.9",NA,0.26,"I",0.256,NA,5.96428571428571
"52","gtmpcnut",2018-04-25 09:37:00,"1","2",NA,"0.033",NA,0.078,NA,0.018,NA,"0.006","J","0.008","IJ",0.014,NA,0.032,NA,0.854,NA,0.84,NA,0.822,NA,"8.9",NA,NA,NA,"10",NA,NA,NA,"1.9",NA,NA,NA,"12",NA,"120","Q",NA,NA,"22.2",NA,"27081",NA,"5.80",NA,"6.55",NA,NA,NA,"23",NA,0.72,NA,0.702,NA,10.9487179487179
"53","gtmpcnut",2018-05-29 12:03:00,"1","2",NA,"0.050",NA,0.1,NA,0.031,NA,"0.003","U","0.016",NA,0.017,NA,0.048,NA,1.217,NA,1.2,NA,1.169,NA,"4.1",NA,NA,NA,"5.7",NA,NA,NA,"2.4","I",NA,NA,"10",NA,"210","BQ",NA,NA,"26.0",NA,"413.0",NA,"5.08",NA,"7.63",NA,NA,NA,"40",NA,1.1,NA,1.069,NA,12.17
"54","gtmpcnut",2018-06-12 10:33:00,"1","2",NA,"0.045",NA,0.081,NA,0.029,NA,"0.003","U","0.022",NA,0.023,NA,0.052,NA,1.423,NA,1.4,NA,1.371,NA,"3.8",NA,NA,NA,"4.6",NA,NA,NA,"0.99","I",NA,NA,"9","I","250","Q",NA,NA,"25.6",NA,"1020",NA,"4.44",NA,"6.58",NA,NA,NA,"41",NA,1,NA,0.971,NA,17.5679012345679
"55","gtmpcnut",2018-07-24 10:32:00,"1","2",NA,"0.042",NA,0.092,NA,0.052,NA,"0.008",NA,"0.031",NA,0.039,NA,0.091,NA,0.989,NA,0.95,NA,0.898,NA,"13",NA,NA,NA,"16",NA,NA,NA,"3.5",NA,NA,NA,"7","I","54","BQ",NA,NA,"27.9",NA,"8632",NA,"5.04",NA,"6.95",NA,NA,NA,"23",NA,0.69,NA,0.638,NA,10.75
"56","gtmpcnut",2018-08-07 09:56:00,"1","2",NA,"0.037",NA,0.06,NA,0.017,NA,"0.003","U","0.016",NA,0.016,NA,0.033,NA,1.216,NA,1.2,NA,1.183,NA,"0.98","I",NA,NA,"1.3",NA,NA,NA,"0.50","I",NA,NA,"4","IA","220","Q",NA,NA,"27.5",NA,"149.4",NA,"5.13",NA,"6.10",NA,NA,NA,"43",NA,1.1,NA,1.083,NA,20.2666666666667
"57","gtmpcnut",2018-09-05 09:41:00,"1","2",NA,"0.056",NA,0.08,NA,0.026,NA,"0.003","I","0.047",NA,0.05,NA,0.076,NA,0.92,NA,0.87,NA,0.844,NA,"9.3",NA,NA,NA,"11",NA,NA,NA,"3.1",NA,NA,NA,"10",NA,"170","BQ",NA,NA,"29.0",NA,"3568",NA,"4.81",NA,"7.01",NA,NA,NA,"23",NA,0.7,NA,0.674,NA,11.5
"58","gtmpcnut",2018-10-23 11:57:00,"1","2",NA,"0.030",NA,0.077,NA,0.019,NA,"0.003","I","0.012",NA,0.015,NA,0.034,NA,0.725,NA,0.71,NA,0.691,NA,"11",NA,NA,NA,"13",NA,NA,NA,"3.5",NA,NA,NA,"17","A","46","Q",NA,NA,"22.7",NA,"38339",NA,"6.31",NA,"7.41",NA,NA,NA,"13",NA,0.52,NA,0.501,NA,9.41558441558442
"59","gtmpcnut",2018-11-06 11:03:00,"1","2",NA,"0.025","Y",0.063,"Y",0.018,"Y","0.002","IY","0.013","Y",0.015,"Y",0.033,NA,0.615,NA,0.6,"Y",0.582,NA,"6.7","Y",NA,NA,"7.7","Y",NA,NA,"1.3","IY",NA,NA,"9.8","IAY","64","BQ",NA,NA,"23.8",NA,"38038",NA,"5.56",NA,"7.25",NA,NA,NA,"9.8","Y",0.37,"IY",0.352,NA,9.76190476190476
"60","gtmpcnut",2018-12-04 10:19:00,"1","2",NA,"0.027",NA,0.057,NA,0.056,NA,"0.003","I","0.14",NA,0.15,NA,0.206,NA,0.73,NA,0.58,NA,0.524,NA,"3.3",NA,NA,NA,"4.4",NA,NA,NA,"1.7","I",NA,NA,"11",NA,"40","Q",NA,NA,"20.84",NA,"33184",NA,"6.49",NA,"6.90",NA,NA,NA,"13",NA,0.52,NA,0.464,NA,12.8070175438596
"61","gtmpcnut",2018-01-15 09:30:00,"2","1",NA,"0.038","Q",0.079,NA,0.048,NA,"0.003","UQ","0.026","Q",0.027,NA,0.075,NA,0.857,NA,0.83,NA,0.782,NA,"1.8","Q",NA,NA,"2.8","Q",NA,NA,"1.5","Q",NA,NA,"11",NA,NA,NA,NA,NA,"11.31",NA,"4599.6",NA,"9.08",NA,"7.1",NA,NA,NA,"28",NA,0.84,NA,0.792,NA,10.8481012658228
"62","gtmpcnut",2018-02-12 09:30:00,"2","1",NA,"0.041",NA,0.079,NA,0.053,NA,"0.003","U","0.034",NA,0.035,NA,0.088,NA,0.845,NA,0.81,NA,0.757,NA,"1.2","IQ",NA,NA,"2.2","Q",NA,NA,"1.5","Q",NA,NA,"12",NA,NA,NA,NA,NA,"19.602",NA,"1026.2",NA,"9.3",NA,"8.31",NA,NA,NA,"28",NA,0.95,NA,0.897,NA,10.6962025316456
"63","gtmpcnut",2018-03-26 09:30:00,"2","1",NA,"0.017","Q",0.048,NA,0.013,NA,"0.002","UQ","0.004","UQ",0.004,"U",0.017,NA,0.384,NA,0.38,"I",0.367,NA,"2.6","Q",NA,NA,"3.4","Q",NA,NA,"1.2","IQ",NA,NA,"8","I",NA,NA,NA,NA,"19.686",NA,"47591",NA,"6.7",NA,"7.95",NA,NA,NA,"3.6",NA,0.2,"I",0.187,NA,8
"64","gtmpcnut",2018-04-24 09:30:00,"2","1",NA,"0.027","Q",0.071,NA,0.03,NA,"0.004","IQ","0.006","IQ",0.01,NA,0.04,NA,0.8,NA,0.79,NA,0.76,NA,"4.4","Q",NA,NA,"6.2","Q",NA,NA,"2.5","Q",NA,NA,"27",NA,NA,NA,NA,NA,"22.603",NA,"21165.6",NA,"5.13",NA,"7.91",NA,NA,NA,"20",NA,0.61,NA,0.58,NA,11.2676056338028
"65","gtmpcnut",2018-05-28 09:30:00,"2","1",NA,"0.047","Q",0.1,NA,0.018,NA,"0.003","UQ","0.018","Q",0.018,NA,0.036,NA,1.218,NA,1.2,NA,1.182,NA,"4.2","Q",NA,NA,"6.0","Q",NA,NA,"2.8","Q",NA,NA,"12",NA,NA,NA,NA,NA,"25.353",NA,"550.9",NA,"5.07",NA,"6.59",NA,NA,NA,"42",NA,1.1,NA,1.082,NA,12.18
"66","gtmpcnut",2018-06-11 09:30:00,"2","1",NA,"0.043","Q",0.086,NA,0.036,NA,"0.003","UQ","0.024","Q",0.025,NA,0.061,NA,1.225,NA,1.2,NA,1.164,NA,"6.4","Q",NA,NA,"8.0","Q",NA,NA,"2.2","IQ",NA,NA,"10",NA,NA,NA,NA,NA,"26.404",NA,"1851.1",NA,"4.31",NA,"6.47",NA,NA,NA,"41",NA,1.2,NA,1.164,NA,14.2441860465116
"67","gtmpcnut",2018-07-23 09:30:00,"2","1",NA,"0.044","Q",0.096,NA,0.12,NA,"0.005","Q","0.020","Q",0.025,NA,0.145,NA,0.915,NA,0.89,NA,0.77,NA,"12","Q",NA,NA,"16","Q",NA,NA,"6.9","Q",NA,NA,"20",NA,NA,NA,NA,NA,"25.989",NA,"21023.9",NA,"3.85",NA,"7.21",NA,NA,NA,"18",NA,0.77,NA,0.65,NA,9.53125
"68","gtmpcnut",2018-08-06 09:30:00,"2","1",NA,"0.033","Q",0.061,NA,0.007,NA,"0.003","UQ","0.007","IQ",0.007,"I",0.014,NA,1.107,NA,1.1,NA,1.093,NA,"1.0","IQ",NA,NA,"1.2","IQ",NA,NA,"0.67","UQ",NA,NA,"4","I",NA,NA,NA,NA,"27.433",NA,"112.6",NA,"4.79",NA,"1.4",NA,NA,NA,"44",NA,1.2,NA,1.193,NA,18.1475409836066
"69","gtmpcnut",2018-09-04 09:30:00,"2","1",NA,"0.052","Q",0.091,NA,0.028,NA,"0.003","UQ","0.050","Q",0.052,NA,0.08,NA,0.842,NA,0.79,NA,0.762,NA,"8.0","Q",NA,NA,"11","Q",NA,NA,"3.7","Q",NA,NA,"8","I",NA,NA,NA,NA,"28.424",NA,"3348",NA,"4.67",NA,"7.07",NA,NA,NA,"23",NA,0.73,NA,0.702,NA,9.25274725274725
"70","gtmpcnut",2018-10-22 09:30:00,"2","1",NA,"0.044","Q",0.096,NA,0.078,NA,"0.005","Q","0.022","Q",0.027,NA,0.105,NA,0.917,NA,0.89,NA,0.812,NA,"14","Q",NA,NA,"21","Q",NA,NA,"11","Q",NA,NA,"125",NA,NA,NA,NA,NA,"22.069",NA,"27805.6",NA,"6.5",NA,"7.49",NA,NA,NA,"18",NA,0.63,NA,0.552,NA,9.55208333333333
"71","gtmpcnut",2018-11-05 09:30:00,"2","1",NA,"0.024","Q",0.1,NA,0.025,NA,"0.003","IQ","0.009","IQ",0.012,NA,0.037,NA,0.722,NA,0.71,NA,0.685,NA,"4.5","AQ",NA,NA,"6.1","AJQ",NA,NA,"3.6","Q",NA,NA,"9","I",NA,NA,NA,NA,"22.73",NA,"39257.1",NA,"6.22",NA,"7.87",NA,NA,NA,"8.8",NA,0.47,NA,0.445,NA,7.22
"72","gtmpcnut",2018-12-03 09:30:00,"2","1",NA,"0.028",NA,0.06,NA,0.041,NA,"0.003","I","0.15",NA,0.15,NA,0.191,NA,0.79,NA,0.64,NA,0.599,NA,"2.7","Q",NA,NA,"3.9","Q",NA,NA,"1.8","IQ",NA,NA,"12",NA,NA,NA,NA,NA,"20.623",NA,"30700.5",NA,"6.55",NA,"7.47",NA,NA,NA,"16",NA,0.56,NA,0.519,NA,13.1666666666667
"73","gtmpcnut",2018-01-16 08:00:00,"2","10",NA,"0.036",NA,0.062,NA,0.028,NA,"0.003","U","0.016",NA,0.017,NA,0.045,NA,0.957,NA,0.94,NA,0.912,NA,"0.91","I",NA,NA,"1.2",NA,NA,NA,"0.48","I",NA,NA,"4","I","310","Q",NA,NA,"11.46",NA,"704.2",NA,"8.35",NA,"6.73",NA,NA,NA,"31",NA,NA,NA,NA,NA,15.4354838709677
"74","gtmpcnut",2018-02-13 08:00:00,"2","10",NA,"0.045",NA,0.083,NA,0.034,NA,"0.003","U","0.031",NA,0.031,NA,0.065,NA,0.971,NA,0.94,NA,0.906,NA,"1.5","I",NA,NA,"2.2",NA,NA,NA,"1.0","I",NA,NA,"6","I","250","Q",NA,NA,"20.149",NA,"745.1",NA,"6.23",NA,"6.63",NA,NA,NA,"31",NA,NA,NA,NA,NA,11.6987951807229
"75","gtmpcnut",2018-03-27 08:00:00,"2","10",NA,"0.023",NA,0.058,NA,0.008,NA,"0.002","U","0.004","U",0.004,"U",0.012,NA,0.414,NA,0.41,NA,0.402,NA,"4.5",NA,NA,NA,"5.6",NA,NA,NA,"1.6",NA,NA,NA,"13",NA,"88","Q",NA,NA,"18.76",NA,"42433",NA,"6.62",NA,"7.72",NA,NA,NA,"5.4",NA,NA,NA,NA,NA,7.13793103448276
"76","gtmpcnut",2018-04-25 08:00:00,"2","10",NA,"0.024",NA,0.068,NA,0.022,NA,"0.004","I","0.004","U",0.007,"I",0.029,NA,0.757,NA,0.75,NA,0.728,NA,"9.9",NA,NA,NA,"13",NA,NA,NA,"3.8",NA,NA,NA,"44",NA,"44","Q",NA,NA,"22.066",NA,"30085",NA,"5.26",NA,"8.17",NA,NA,NA,"16",NA,NA,NA,NA,NA,11.1323529411765
"77","gtmpcnut",2018-05-29 08:00:00,"2","10",NA,"0.043",NA,0.078,NA,0.016,NA,"0.003","U","0.011",NA,0.012,NA,0.028,NA,1.112,NA,1.1,NA,1.084,NA,"2.2","I",NA,NA,"2.9",NA,NA,NA,"0.95","I",NA,NA,"6","IA","70","Q",NA,NA,"24.95",NA,"212.7",NA,"4.7",NA,"6.5",NA,NA,NA,"41",NA,NA,NA,NA,NA,14.2564102564103
"78","gtmpcnut",2018-06-12 08:00:00,"2","10",NA,"0.044",NA,0.076,NA,0.03,NA,"0.003","U","0.020",NA,0.021,NA,0.051,NA,1.221,NA,1.2,NA,1.17,NA,"2.4","I",NA,NA,"3.3",NA,NA,NA,"1.3","I",NA,NA,"8","I","240","Q",NA,NA,"25.176",NA,"430.7",NA,"4.6",NA,"6.38",NA,NA,NA,"41",NA,NA,NA,NA,NA,16.0657894736842
"79","gtmpcnut",2018-07-24 08:00:00,"2","10",NA,"0.040",NA,0.084,NA,0.068,NA,"0.007",NA,"0.027",NA,0.034,NA,0.102,NA,0.834,NA,0.8,NA,0.732,NA,"5.8",NA,NA,NA,"7.8",NA,NA,NA,"3.0",NA,NA,NA,"10",NA,"46","BQ",NA,NA,"27.799",NA,"12528.9",NA,"4.5",NA,"7.06",NA,NA,NA,"21",NA,NA,NA,NA,NA,9.92857142857143
"80","gtmpcnut",2018-08-07 08:00:00,"2","10",NA,"0.039",NA,0.062,NA,0.018,NA,"0.003","U","0.013",NA,0.013,NA,0.031,NA,1.113,NA,1.1,NA,1.082,NA,"1.0","I",NA,NA,"1.4","I",NA,NA,"0.67","U",NA,NA,"4","I","190","BQ",NA,NA,"28.208",NA,"242",NA,"4.25",NA,"6.31",NA,NA,NA,"42",NA,NA,NA,NA,NA,17.9516129032258
"81","gtmpcnut",2018-09-05 08:00:00,"2","10",NA,"0.047",NA,0.1,NA,0.025,NA,"0.007","J","0.017","J",0.024,NA,0.049,NA,0.924,NA,0.9,NA,0.875,NA,"10",NA,NA,NA,"14",NA,NA,NA,"5.3",NA,NA,NA,"12",NA,"No Result","ZQ",NA,NA,"29.216",NA,"11473.2",NA,"4.5",NA,"7.25",NA,NA,NA,"20",NA,NA,NA,NA,NA,9.24
"82","gtmpcnut",2018-10-23 08:00:00,"2","10",NA,"0.048",NA,0.086,NA,0.056,NA,"0.007",NA,"0.027",NA,0.034,NA,0.09,NA,0.864,NA,0.83,NA,0.774,NA,"3.7",NA,NA,NA,"5.4",NA,NA,NA,"2.5",NA,NA,NA,"14",NA,"110","BQ",NA,NA,"23.356",NA,"16051.7",NA,"5.47",NA,"7.05",NA,NA,NA,"24",NA,NA,NA,NA,NA,10.046511627907
"83","gtmpcnut",2018-11-06 08:00:00,"2","10",NA,"0.035",NA,0.071,NA,0.043,NA,"0.004","I","0.017",NA,0.02,NA,0.063,NA,0.71,NA,0.69,NA,0.647,NA,"3.7","U",NA,NA,"3.0","I",NA,NA,"4.0","U",NA,NA,"11",NA,"160","BQ",NA,NA,"23.34",NA,"25117.4",NA,"4.96",NA,"7.28",NA,NA,NA,"15",NA,NA,NA,NA,NA,10
"84","gtmpcnut",2018-12-04 08:00:00,"2","10",NA,"0.029",NA,0.072,NA,0.009,NA,"0.004","I","0.27",NA,0.27,NA,0.279,NA,1.01,NA,0.74,NA,0.731,NA,"3.8",NA,NA,NA,"4.9",NA,NA,NA,"1.6","I",NA,NA,"25",NA,"64","Q",NA,NA,"20.642",NA,"27056.9",NA,"6.37",NA,"7.59",NA,NA,NA,"16",NA,NA,NA,NA,NA,14.0277777777778
"85","gtmpcnut",2018-01-16 10:30:00,"2","11",NA,"0.032",NA,0.061,NA,0.033,NA,"0.006","J","0.006","IJ",0.012,NA,0.045,NA,0.822,NA,0.81,NA,0.777,NA,"2.5",NA,NA,NA,"3.1",NA,NA,NA,"0.86","I",NA,NA,"7","IA","150","BQ",NA,NA,"10.89",NA,"14644.4",NA,"9.26",NA,"7.4",NA,NA,NA,"24",NA,NA,NA,NA,NA,13.4754098360656
"86","gtmpcnut",2018-02-13 10:30:00,"2","11",NA,"0.045",NA,0.085,NA,0.066,NA,"0.003","U","0.037",NA,0.039,NA,0.105,NA,0.979,NA,0.94,NA,0.874,NA,"2.2",NA,NA,NA,"3.3",NA,NA,NA,"1.7",NA,NA,NA,"10",NA,"360","Q",NA,NA,"21.795",NA,"443.7",NA,"6.5",NA,"6.67",NA,NA,NA,"29",NA,NA,NA,NA,NA,11.5176470588235
"87","gtmpcnut",2018-03-27 10:30:00,"2","11",NA,"0.022",NA,0.049,NA,0.004,"I","0.002","U","0.004","U",0.004,"U",0.008,NA,0.394,NA,0.39,"I",0.386,NA,"5.6",NA,NA,NA,"6.6",NA,NA,NA,"1.4",NA,NA,NA,"13",NA,"62","Q",NA,NA,"18.70",NA,"43577",NA,"6.74",NA,"7.77",NA,NA,NA,"5.4",NA,NA,NA,NA,NA,8.04081632653061
"88","gtmpcnut",2018-04-25 10:30:00,"2","11",NA,"0.032",NA,0.094,NA,0.031,NA,"0.005",NA,"0.008","I",0.013,NA,0.044,NA,1.013,NA,1,NA,0.969,NA,"10",NA,NA,NA,"13",NA,NA,NA,"4.6",NA,NA,NA,"24",NA,"96","Q",NA,NA,"22.484",NA,"21288.1",NA,"5.35",NA,"8.0",NA,NA,NA,"22",NA,NA,NA,NA,NA,10.7765957446809
"89","gtmpcnut",2018-05-29 10:30:00,"2","11",NA,"0.049",NA,0.1,NA,0.025,NA,"0.003","U","0.016",NA,0.017,NA,0.042,NA,1.317,NA,1.3,NA,1.275,NA,"5.5",NA,NA,NA,"7.3",NA,NA,NA,"2.7",NA,NA,NA,"13",NA,"150","BQ",NA,NA,"25.942",NA,"425.8",NA,"5.09",NA,"6.63",NA,NA,NA,"41",NA,NA,NA,NA,NA,13.17
"90","gtmpcnut",2018-06-12 10:30:00,"2","11",NA,"0.046",NA,0.087,NA,0.038,NA,"0.003","U","0.025",NA,0.026,NA,0.064,NA,1.326,NA,1.3,NA,1.262,NA,"No Result","O",NA,NA,"No Result","O",NA,NA,"No Result","O",NA,NA,"10",NA,"340","Q",NA,NA,"25.787",NA,"1029.9",NA,"4.53",NA,"6.47",NA,NA,NA,"17",NA,NA,NA,NA,NA,15.2413793103448
"91","gtmpcnut",2018-07-24 10:30:00,"2","11",NA,"0.040",NA,0.096,NA,0.072,NA,"0.005",NA,"0.022",NA,0.027,NA,0.099,NA,1.027,NA,1,NA,0.928,NA,"15",NA,NA,NA,"19",NA,NA,NA,"5.8",NA,NA,NA,"18",NA,"73","BQ",NA,NA,"28.068",NA,"23514.6",NA,"3.99",NA,"7.27",NA,NA,NA,"18",NA,NA,NA,NA,NA,10.6979166666667
"92","gtmpcnut",2018-08-07 10:30:00,"2","11",NA,"0.036",NA,0.056,NA,0.015,NA,"0.003","U","0.012",NA,0.013,NA,0.028,NA,1.113,NA,1.1,NA,1.085,NA,"1.1","I",NA,NA,"1.1","I",NA,NA,"0.80","U",NA,NA,"4","I","270","Q",NA,NA,"27.692",NA,"132.1",NA,"4.42",NA,"6.27",NA,NA,NA,"42",NA,NA,NA,NA,NA,19.875
"93","gtmpcnut",2018-09-05 10:30:00,"2","11",NA,"0.054",NA,0.1,NA,0.019,NA,"0.003","I","0.045",NA,0.048,NA,0.067,NA,0.928,NA,0.88,NA,0.861,NA,"9.5",NA,NA,NA,"12",NA,NA,NA,"3.6",NA,NA,NA,"6","I","270","Q",NA,NA,"29.094",NA,"1904.2",NA,"4.61",NA,"7.06",NA,NA,NA,"24",NA,NA,NA,NA,NA,9.28
"94","gtmpcnut",2018-10-23 10:30:00,"2","11",NA,"0.031",NA,0.046,NA,0.03,NA,"0.002","I","0.011",NA,0.014,NA,0.044,NA,0.494,NA,0.48,NA,0.45,NA,"11",NA,NA,NA,"15",NA,NA,NA,"6.0",NA,NA,NA,"40",NA,"40","Q",NA,NA,"22.814",NA,"37774.7",NA,"5.99",NA,"7.69",NA,NA,NA,"12",NA,NA,NA,NA,NA,10.7391304347826
"95","gtmpcnut",2018-11-06 10:30:00,"2","11",NA,"0.024",NA,0.068,NA,0.026,NA,"0.002","I","0.012",NA,0.014,NA,0.04,NA,0.584,NA,0.57,NA,0.544,NA,"4.7",NA,NA,NA,"5.8",NA,NA,NA,"1.6","I",NA,NA,"14",NA,"64","AQ",NA,NA,"24.045",NA,"38283.7",NA,"5.51",NA,"7.76",NA,NA,NA,"8.8",NA,NA,NA,NA,NA,8.58823529411765
"96","gtmpcnut",2018-12-04 10:30:00,"2","11",NA,"0.026",NA,0.059,NA,0.009,NA,"0.003","I","0.27",NA,0.27,NA,0.279,NA,0.91,NA,0.64,NA,0.631,NA,"3.1",NA,NA,NA,"4.4",NA,NA,NA,"2.0",NA,NA,NA,"17",NA,"26","BQ",NA,NA,"20.676",NA,"32863.7",NA,"6.28",NA,"7.72",NA,NA,NA,"13",NA,NA,NA,NA,NA,15.4237288135593
"97","gtmpcnut",2018-01-15 12:00:00,"2","2",NA,"0.034","Q",0.07,NA,0.036,NA,"0.006","QJ","0.009","IQJ",0.015,NA,0.051,NA,0.775,NA,0.76,NA,0.724,NA,"1.8","Q",NA,NA,"2.6","Q",NA,NA,"1.1","IQ",NA,NA,"10",NA,"No Result","OQ",NA,NA,"10.72",NA,"13600.0",NA,"9.69",NA,"7.55",NA,NA,NA,"24",NA,NA,NA,NA,NA,11.0714285714286
"98","gtmpcnut",2018-02-12 12:00:00,"2","2",NA,"0.040","Q",0.075,NA,0.023,NA,"0.003","UQ","0.025","Q",0.025,NA,0.048,NA,0.885,NA,0.86,NA,0.837,NA,"1.4","IQ",NA,NA,"2.0","Q",NA,NA,"0.85","IQ",NA,NA,"6","I","No Result","Q",NA,NA,"20.339",NA,"1171.5",NA,"7.4",NA,"6.66",NA,NA,NA,"32",NA,NA,NA,NA,NA,11.8
"99","gtmpcnut",2018-03-26 12:00:00,"2","2",NA,"0.022",NA,0.065,NA,0.01,NA,"0.002","UQ","0.004","UQ",0.004,"U",0.014,NA,0.404,NA,0.4,NA,0.39,NA,"5.6",NA,NA,NA,"7.1",NA,NA,NA,"2.2",NA,NA,NA,"14",NA,"59","AQ",NA,NA,"20.295",NA,"36131",NA,"6.68",NA,"7.77",NA,NA,NA,"6.7",NA,NA,NA,NA,NA,6.21538461538462
"100","gtmpcnut",2018-04-24 12:00:00,"2","2",NA,"0.041",NA,0.082,NA,0.034,NA,"0.007","QJ","0.012","QJ",0.019,NA,0.053,NA,0.939,NA,0.92,NA,0.886,NA,"3.5",NA,NA,NA,"4.2",NA,NA,NA,"1.0","I",NA,NA,"11",NA,"230","Q",NA,NA,NA,NA,NA,NA,NA,NA,NA,NA,NA,NA,"28",NA,NA,NA,NA,NA,11.4512195121951
"101","gtmpcnut",2018-05-28 12:00:00,"2","2",NA,"0.046",NA,0.1,NA,0.01,NA,"0.003","U","0.019",NA,0.019,NA,0.029,NA,1.219,NA,1.2,NA,1.19,NA,"4.2","A",NA,NA,"5.8","A",NA,NA,"2.3","A",NA,NA,"11",NA,"225","AQ",NA,NA,"26.009",NA,"574.5",NA,"5.11",NA,"6.63",NA,NA,NA,"43",NA,NA,NA,NA,NA,12.19
"102","gtmpcnut",2018-06-11 12:00:00,"2","2",NA,"0.043","Q",0.073,NA,0.022,NA,"0.003","U","0.018",NA,0.02,NA,0.042,NA,1.32,NA,1.3,NA,1.278,NA,"2.1","I",NA,NA,"2.7",NA,NA,NA,"0.93","I",NA,NA,"6","I","58","Q",NA,NA,"26.899",NA,"314.1",NA,"4.48",NA,"6.41",NA,NA,NA,"40",NA,NA,NA,NA,NA,18.0821917808219
"103","gtmpcnut",2018-07-23 12:00:00,"2","2",NA,"0.040",NA,0.086,NA,0.074,NA,"0.007","AJ","0.028","AJ",0.035,NA,0.109,NA,0.855,NA,0.82,NA,0.746,NA,"6.8",NA,NA,NA,"9.1",NA,NA,NA,"3.5",NA,NA,NA,"12",NA,"48","Q",NA,NA,"26.214",NA,"15605.9",NA,"4.08",NA,"7.12",NA,NA,NA,"22",NA,NA,NA,NA,NA,9.94186046511628
"104","gtmpcnut",2018-08-06 12:00:00,"2","2",NA,"0.031","Q",0.059,NA,0.006,NA,"0.003","U","0.008","I",0.008,"I",0.014,NA,1.108,NA,1.1,NA,1.094,NA,"0.94","IQ",NA,NA,"1.3","Q",NA,NA,"0.51","IQ",NA,NA,"4","I","190","BQ",NA,NA,"27.901",NA,"113.7",NA,"4.55",NA,"6.21",NA,NA,NA,"43",NA,NA,NA,NA,NA,18.7796610169492
"105","gtmpcnut",2018-09-04 12:00:00,"2","2",NA,"0.050",NA,0.082,NA,0.003,"I","0.004","IQ","0.053","Q",0.056,NA,0.059,NA,0.826,NA,0.77,NA,0.767,NA,"6.8",NA,NA,NA,"8.5",NA,NA,NA,"2.3",NA,NA,NA,"7","I","300","BQ",NA,NA,"28.667",NA,"901.3",NA,"4.62",NA,"7.05",NA,NA,NA,"24",NA,NA,NA,NA,NA,10.0731707317073
"106","gtmpcnut",2018-10-22 12:00:00,"2","2",NA,"0.038",NA,0.076,NA,0.06,NA,"0.005","IQ","0.023","Q",0.027,NA,0.087,NA,0.657,NA,0.63,NA,0.57,NA,"13","Q",NA,NA,"19","Q",NA,NA,"9.2","Q",NA,NA,"109",NA,"48","Q",NA,NA,"21.96",NA,"31209.7",NA,"6.65",NA,"7.6",NA,NA,NA,"15",NA,NA,NA,NA,NA,8.64473684210526
"107","gtmpcnut",2018-11-05 12:00:00,"2","2",NA,"0.029","Q",0.087,NA,0.033,NA,"0.003","IQ","0.014","Q",0.017,NA,0.05,NA,0.657,NA,0.64,NA,0.607,NA,"4.7","Q",NA,NA,"6.4","Q",NA,NA,"2.4","IQ",NA,NA,"30",NA,"No Result","O",NA,NA,"22.619",NA,"33750.4",NA,"6",NA,"7.74",NA,NA,NA,"12",NA,NA,NA,NA,NA,7.55172413793104
"108","gtmpcnut",2018-12-03 12:00:00,"2","2",NA,"0.032",NA,0.063,NA,0.03,NA,"0.005","IJ","0.27","J",0.28,NA,0.31,NA,1.1,NA,0.82,NA,0.79,NA,"1.9","I",NA,NA,"2.3","I",NA,NA,"1.2","U",NA,NA,"8","I","92","Q",NA,NA,"19.425",NA,"13025.7",NA,"6.92",NA,"7.05",NA,NA,NA,"26",NA,NA,NA,NA,NA,17.4603174603175
"109","gtmpcnut",2018-01-15 14:30:00,"2","3",NA,"0.036",NA,0.08,NA,0.028,NA,"0.003","U","0.018",NA,0.019,NA,0.047,NA,1.119,NA,1.1,NA,1.072,NA,"1.1","I",NA,NA,"1.9",NA,NA,NA,"1.1","I",NA,NA,"15",NA,"240","Q",NA,NA,"13.57",NA,"809.5",NA,"8.26",NA,"6.87",NA,NA,NA,"32",NA,NA,NA,NA,NA,13.9875
"110","gtmpcnut",2018-02-12 14:30:00,"2","3",NA,"0.041",NA,0.07,NA,0.02,NA,"0.003","U","0.023",NA,0.023,NA,0.043,NA,0.873,NA,0.85,NA,0.83,NA,"0.79","I",NA,NA,"1.1","I",NA,NA,"0.51","I",NA,NA,"6","I","260","Q",NA,NA,"20.256",NA,"2104.5",NA,"7.33",NA,"6.73",NA,NA,NA,"32",NA,NA,NA,NA,NA,12.4714285714286
"111","gtmpcnut",2018-03-26 14:30:00,"2","3",NA,"0.026",NA,0.066,NA,0.009,NA,"0.002","U","0.005","I",0.007,"I",0.016,NA,0.367,NA,0.36,"I",0.351,NA,"7.8",NA,NA,NA,"9.4",NA,NA,NA,"2.2",NA,NA,NA,"10","I","180","BQ",NA,NA,"20.383",NA,"25910",NA,"6.76",NA,"7.53",NA,NA,NA,"8.4",NA,NA,NA,NA,NA,5.56060606060606
"112","gtmpcnut",2018-04-24 14:30:00,"2","3",NA,"0.044",NA,0.085,NA,0.013,NA,"0.003","U","0.029",NA,0.032,NA,0.045,NA,1.022,NA,0.99,NA,0.977,NA,"4.7",NA,NA,NA,"5.9",NA,NA,NA,"1.7",NA,NA,NA,"9","I","270","Q",NA,NA,"23.968",NA,"3115.2",NA,"5.49",NA,"7.84",NA,NA,NA,"32",NA,NA,NA,NA,NA,12.0235294117647
"113","gtmpcnut",2018-05-28 14:30:00,"2","3",NA,"0.047",NA,0.087,NA,0.016,NA,"0.003","U","0.019",NA,0.019,NA,0.035,NA,1.219,NA,1.2,NA,1.184,NA,"2.8","Q",NA,NA,"4.0","Q",NA,NA,"1.7","IQ",NA,NA,"9","I","140","BQ",NA,NA,"26.273",NA,"234.4",NA,"4.81",NA,"6.55",NA,NA,NA,"42",NA,NA,NA,NA,NA,14.0114942528736
"114","gtmpcnut",2018-06-11 14:30:00,"2","3",NA,"0.041",NA,0.069,NA,0.018,NA,"0.003","U","0.017",NA,0.018,NA,0.036,NA,1.118,NA,1.1,NA,1.082,NA,"1.1","UQ",NA,NA,"1.1","IQ",NA,NA,"0.80","UQ",NA,NA,"4","I","150","BQ",NA,NA,"26.756",NA,"176.8",NA,"4.57",NA,"6.34",NA,NA,NA,"40",NA,NA,NA,NA,NA,16.2028985507246
"115","gtmpcnut",2018-07-23 14:30:00,"2","3",NA,"0.040",NA,0.086,NA,0.029,NA,"0.008",NA,"0.029",NA,0.038,NA,0.067,NA,0.858,NA,0.82,NA,0.791,NA,"5.3",NA,NA,NA,"6.7",NA,NA,NA,"1.9",NA,NA,NA,"8","I","100","Q",NA,NA,"21.187",NA,"7530.5",NA,"4.27",NA,"6.98",NA,NA,NA,"25",NA,NA,NA,NA,NA,9.97674418604651
"116","gtmpcnut",2018-08-06 14:30:00,"2","3",NA,"0.031",NA,0.06,NA,0.007,NA,"0.003","U","0.007","I",0.007,"I",0.014,NA,1.107,NA,1.1,NA,1.093,NA,"0.88","I",NA,NA,"1.2","I",NA,NA,"0.40","U",NA,NA,"4","I","200","BQ",NA,NA,"28.944",NA,"120.9",NA,"4.47",NA,"6.24",NA,NA,NA,"43",NA,NA,NA,NA,NA,18.45
"117","gtmpcnut",2018-09-04 14:30:00,"2","3",NA,"0.049",NA,0.095,NA,0.003,"I","0.003","I","0.047",NA,0.05,NA,0.053,NA,0.9,NA,0.85,NA,0.847,NA,"8.4","A",NA,NA,"10","A",NA,NA,"2.2","A",NA,NA,"8","I","91","BQ",NA,NA,"29.993",NA,"946.9",NA,"5.24",NA,"7.07",NA,NA,NA,"24",NA,NA,NA,NA,NA,9.47368421052632
"118","gtmpcnut",2018-10-22 14:30:00,"2","3",NA,"0.043",NA,0.079,NA,0.043,NA,"0.007","J","0.025","J",0.032,NA,0.075,NA,0.882,NA,0.85,NA,0.807,NA,"6.2",NA,NA,NA,"8.9",NA,NA,NA,"4.1",NA,NA,NA,"26",NA,"140","BQ",NA,NA,"24.092",NA,"15314.2",NA,"5.69",NA,"7.08",NA,NA,NA,"24",NA,NA,NA,NA,NA,11.1645569620253
"119","gtmpcnut",2018-11-05 14:30:00,"2","3",NA,"0.034","Q",0.069,NA,0.022,NA,"0.005","Q","0.017","Q",0.022,NA,0.044,NA,0.722,NA,0.7,NA,0.678,NA,"2.4","IQ",NA,NA,"3.1","Q",NA,NA,"1.2","UQ",NA,NA,"11",NA,"No Result","O",NA,NA,"22.741",NA,"11579.2",NA,"5.76",NA,"7.21",NA,NA,NA,"21",NA,NA,NA,NA,NA,10.463768115942
"120","gtmpcnut",2018-12-03 14:30:00,"2","3",NA,"0.032",NA,0.061,NA,0.018,NA,"0.005",NA,"0.25",NA,0.26,NA,0.278,NA,1.07,NA,0.81,NA,0.792,NA,"1.1","U",NA,NA,"1.3","I",NA,NA,"1.2","U",NA,NA,"6","I","150","BQ",NA,NA,"19.215",NA,"5573.9",NA,"7.18",NA,"6.99",NA,NA,NA,"29",NA,NA,NA,NA,NA,17.5409836065574
"121","gtmpcnut",2018-01-15 17:00:00,"2","4",NA,"0.036",NA,0.065,NA,0.024,NA,"0.003","U","0.014",NA,0.015,NA,0.039,NA,1.115,NA,1.1,NA,1.076,NA,"0.56","I",NA,NA,"0.92","I",NA,NA,"0.56","I",NA,NA,"6","I","300","Q",NA,NA,"13.73",NA,"379.8",NA,"8.06",NA,"6.75",NA,NA,NA,"33",NA,NA,NA,NA,NA,17.1538461538462
"122","gtmpcnut",2018-02-12 17:00:00,"2","4",NA,"0.041",NA,0.069,NA,0.02,NA,"0.003","U","0.023",NA,0.023,NA,0.043,NA,0.893,NA,0.87,NA,0.85,NA,"0.59","I",NA,NA,"0.86","I",NA,NA,"0.40","I",NA,NA,"4","I","200","BQ",NA,NA,"19.667",NA,"372.9",NA,"6.9",NA,"6.61",NA,NA,NA,"31",NA,NA,NA,NA,NA,12.9420289855072
"123","gtmpcnut",2018-03-26 17:00:00,"2","4",NA,"0.024",NA,0.06,NA,0.006,NA,"0.002","U","0.005","I",0.006,"I",0.012,NA,0.476,NA,0.47,NA,0.464,NA,"7.6",NA,NA,NA,"9.6",NA,NA,NA,"2.9",NA,NA,NA,"20",NA,"140","BQ",NA,NA,"20.37",NA,"33624",NA,"6.82",NA,"7.67",NA,NA,NA,"7.0",NA,NA,NA,NA,NA,7.93333333333333
"124","gtmpcnut",2018-04-24 17:00:00,"2","4",NA,"0.034",NA,0.085,NA,0.015,NA,"0.008",NA,"0.009","I",0.017,NA,0.032,NA,0.957,NA,0.94,NA,0.925,NA,"4.5",NA,NA,NA,"6.0",NA,NA,NA,"2.1",NA,NA,NA,"15",NA,"170","BQ",NA,NA,"24.986",NA,"16391.9",NA,"5.81",NA,"8.23",NA,NA,NA,"27",NA,NA,NA,NA,NA,11.2588235294118
"125","gtmpcnut",2018-05-28 17:00:00,"2","4",NA,"0.046",NA,0.087,NA,0.017,NA,"0.003","U","0.018",NA,0.019,NA,0.036,NA,1.219,NA,1.2,NA,1.183,NA,"3.2",NA,NA,NA,"4.4",NA,NA,NA,"1.8","I",NA,NA,"10",NA,"180","BQ",NA,NA,"26.644",NA,"216.2",NA,"5.02",NA,"6.57",NA,NA,NA,"41",NA,NA,NA,NA,NA,14.0114942528736
"126","gtmpcnut",2018-06-11 17:00:00,"2","4",NA,"0.040",NA,0.08,NA,0.014,NA,"0.003","U","0.017",NA,0.018,NA,0.032,NA,1.218,NA,1.2,NA,1.186,NA,"4.9",NA,NA,NA,"6.1",NA,NA,NA,"1.6","I",NA,NA,"10",NA,"100","Q",NA,NA,"26.785",NA,"193.6",NA,"5.15",NA,"6.4",NA,NA,NA,"40",NA,NA,NA,NA,NA,15.225
"127","gtmpcnut",2018-07-23 17:00:00,"2","4",NA,"0.039",NA,0.072,NA,0.015,NA,"0.003","U","0.044",NA,0.047,NA,0.062,NA,0.987,NA,0.94,NA,0.925,NA,"9.5",NA,NA,NA,"12",NA,NA,NA,"2.8",NA,NA,NA,"10","I","100","Q",NA,NA,"29.965",NA,"3862.3",NA,"5.5",NA,"6.97",NA,NA,NA,"25",NA,NA,NA,NA,NA,13.7083333333333
"128","gtmpcnut",2018-08-06 17:00:00,"2","4",NA,"0.036",NA,0.065,NA,0.006,NA,"0.003","U","0.009","I",0.009,"I",0.015,NA,1.209,NA,1.2,NA,1.194,NA,"2.7",NA,NA,NA,"3.7",NA,NA,NA,"1.4","I",NA,NA,"8","I","180","BQ",NA,NA,"31.449",NA,"195.0",NA,"4.78",NA,"6.31",NA,NA,NA,"42",NA,NA,NA,NA,NA,18.6
"129","gtmpcnut",2018-09-04 17:00:00,"2","4",NA,"0.047",NA,0.092,NA,0.004,"I","0.008","Q","0.022","Q",0.03,NA,0.034,NA,0.88,NA,0.85,NA,0.846,NA,"20",NA,NA,NA,"25",NA,NA,NA,"7.1",NA,NA,NA,"26",NA,"110","BQ",NA,NA,"31.799",NA,"7120.5",NA,"6.53",NA,"7.36",NA,NA,NA,"22",NA,NA,NA,NA,NA,9.56521739130435
"130","gtmpcnut",2018-10-22 17:00:00,"2","4",NA,"0.046",NA,0.078,NA,0.035,NA,"0.008",NA,"0.024",NA,0.032,NA,0.067,NA,0.872,NA,0.84,NA,0.805,NA,"4.4","A",NA,NA,"5.8","A",NA,NA,"2.3","I",NA,NA,"12",NA,"210","Q",NA,NA,"24.558",NA,"9944.3",NA,"5.33",NA,"6.94",NA,NA,NA,"27",NA,NA,NA,NA,NA,11.1794871794872
"131","gtmpcnut",2018-11-05 17:00:00,"2","4",NA,"0.037",NA,0.068,NA,0.023,NA,"0.005","Q","0.018","Q",0.023,NA,0.046,NA,0.763,NA,0.74,NA,0.717,NA,"1.4","I",NA,NA,"1.4","I",NA,NA,"1.2","U",NA,NA,"6","I","190","BQ",NA,NA,"22.72",NA,"5646.2",NA,"5.42",NA,"7.14",NA,NA,NA,"21",NA,NA,NA,NA,NA,11.2205882352941
"132","gtmpcnut",2018-12-03 17:00:00,"2","4",NA,"0.033",NA,0.06,NA,0.025,NA,"0.005",NA,"0.26",NA,0.26,NA,0.285,NA,1.15,NA,0.89,NA,0.865,NA,"1.3","I",NA,NA,"1.8","I",NA,NA,"1.2","U",NA,NA,"6","I","150","BQ",NA,NA,"20.098",NA,"6593.1",NA,"7.22",NA,"6.97",NA,NA,NA,"28",NA,NA,NA,NA,NA,19.1666666666667
"133","gtmpcnut",2018-01-15 19:30:00,"2","5",NA,"0.037",NA,0.067,NA,0.026,NA,"0.003","U","0.015",NA,0.016,NA,0.042,NA,0.986,NA,0.97,NA,0.944,NA,"0.55","U",NA,NA,"0.79","I",NA,NA,"0.40","I",NA,NA,"7","I","220","Q",NA,NA,"13.35",NA,"607.4",NA,"8.27",NA,"6.78",NA,NA,NA,"33",NA,NA,NA,NA,NA,14.7164179104478
"134","gtmpcnut",2018-02-12 19:30:00,"2","5",NA,"0.041",NA,0.074,NA,0.027,NA,"0.003","U","0.026",NA,0.026,NA,0.053,NA,0.936,NA,0.91,NA,0.883,NA,"2.2",NA,NA,NA,"2.9",NA,NA,NA,"1.1","I",NA,NA,"11","A","320","Q",NA,NA,"19.563",NA,"265.3",NA,"6.46",NA,"6.57",NA,NA,NA,"30",NA,NA,NA,NA,NA,12.6486486486486
"135","gtmpcnut",2018-03-26 19:30:00,"2","5",NA,"0.020",NA,0.051,NA,0.005,NA,"0.002","U","0.004","U",0.004,"U",0.009,NA,0.374,NA,0.37,"I",0.365,NA,"4.2",NA,NA,NA,"5.1",NA,NA,NA,"1.3",NA,NA,NA,"10",NA,"55","AQ",NA,NA,"20.096",NA,"43364",NA,"7.26",NA,"7.86",NA,NA,NA,"5.0",NA,NA,NA,NA,NA,7.33333333333333
"136","gtmpcnut",2018-04-24 19:30:00,"2","5",NA,"0.024",NA,0.088,NA,0.008,NA,"0.004","I","0.004","U",0.004,"U",0.012,NA,0.864,NA,0.86,NA,0.852,NA,"5.0",NA,NA,NA,"7.1",NA,NA,NA,"3.0",NA,NA,NA,"21",NA,"66","Q",NA,NA,"26.274",NA,"22634.3",NA,"6.69",NA,"8.58",NA,NA,NA,"20",NA,NA,NA,NA,NA,9.81818181818182
"137","gtmpcnut",2018-05-28 19:30:00,"2","5",NA,"0.043",NA,0.096,NA,0.009,NA,"0.003","U","0.012",NA,0.012,NA,0.021,NA,1.212,NA,1.2,NA,1.191,NA,"11",NA,NA,NA,"13",NA,NA,NA,"1.8","I",NA,NA,"11",NA,"230","Q",NA,NA,"26.701",NA,"220.4",NA,"5.33",NA,"6.59",NA,NA,NA,"40",NA,NA,NA,NA,NA,12.625
"138","gtmpcnut",2018-06-11 19:30:00,"2","5",NA,"0.042",NA,0.09,NA,0.021,NA,"0.003","U","0.023",NA,0.024,NA,0.045,NA,1.224,NA,1.2,NA,1.179,NA,"4.9",NA,NA,NA,"6.3",NA,NA,NA,"2.0","I",NA,NA,"14",NA,"210","Q",NA,NA,"27.149",NA,"679.2",NA,"5.25",NA,"6.47",NA,NA,NA,"39",NA,NA,NA,NA,NA,13.6
"139","gtmpcnut",2018-07-23 19:30:00,"2","5",NA,"0.035",NA,0.11,NA,0.033,NA,"0.006",NA,"0.027",NA,0.033,NA,0.066,NA,1.033,NA,1,NA,0.967,NA,"17",NA,NA,NA,"21",NA,NA,NA,"6.8",NA,NA,NA,"29",NA,"42","Q",NA,NA,"29.384",NA,"16853.3",NA,"6.21",NA,"7.37",NA,NA,NA,"19",NA,NA,NA,NA,NA,9.39090909090909
"140","gtmpcnut",2018-08-06 19:30:00,"2","5",NA,"0.045",NA,0.084,NA,0.008,NA,"0.003","U","0.010",NA,0.012,NA,0.02,NA,1.212,NA,1.2,NA,1.192,NA,"3.5","I",NA,NA,"4.9",NA,NA,NA,"2.1","I",NA,NA,"10",NA,"120","Q",NA,NA,"32.948",NA,"489.6",NA,"4.7",NA,"6.45",NA,NA,NA,"43",NA,NA,NA,NA,NA,14.4285714285714
"141","gtmpcnut",2018-09-04 19:30:00,"2","5",NA,"0.035",NA,0.096,NA,0.004,"I","0.004","I","0.004","U",0.004,"U",0.008,NA,0.884,NA,0.88,NA,0.876,NA,"23",NA,NA,NA,"28",NA,NA,NA,"7.7",NA,NA,NA,"25",NA,"27","BQ",NA,NA,"31.924",NA,"19123.9",NA,"7.41",NA,"7.84",NA,NA,NA,"18",NA,NA,NA,NA,NA,9.20833333333333
"142","gtmpcnut",2018-10-22 19:30:00,"2","5",NA,"0.046",NA,0.083,NA,0.04,NA,"0.008",NA,"0.025",NA,0.033,NA,0.073,NA,0.903,NA,0.87,NA,0.83,NA,"5.7",NA,NA,NA,"7.8",NA,NA,NA,"3.1",NA,NA,NA,"17",NA,"120","Q",NA,NA,"24.299",NA,"13614.9",NA,"6.0",NA,"7.07",NA,NA,NA,"26",NA,NA,NA,NA,NA,10.8795180722892
"143","gtmpcnut",2018-11-05 19:30:00,"2","5",NA,"0.034",NA,0.068,NA,0.031,NA,"0.004","I","0.016",NA,0.02,NA,0.051,NA,0.73,NA,0.71,NA,0.679,NA,"3.7",NA,NA,NA,"4.7",NA,NA,NA,"1.6","I",NA,NA,"11",NA,"220","BQ",NA,NA,"23.681",NA,"20713",NA,"5.91",NA,"7.31",NA,NA,NA,"17",NA,NA,NA,NA,NA,10.7352941176471
"144","gtmpcnut",2018-12-03 19:30:00,"2","5",NA,"0.032",NA,0.067,NA,0.043,NA,"0.004","I","0.26",NA,0.27,NA,0.313,NA,1.05,NA,0.78,NA,0.737,NA,"2.8",NA,NA,NA,"4.0",NA,NA,NA,"1.8","I",NA,NA,"16",NA,"110","Q",NA,NA,"21.676",NA,"21759.8",NA,"6.71",NA,"7.25",NA,NA,NA,"19",NA,NA,NA,NA,NA,15.6716417910448
"145","gtmpcnut",2018-01-15 22:00:00,"2","6",NA,"0.037",NA,0.067,NA,0.038,NA,"0.003","U","0.019",NA,0.021,NA,0.059,NA,0.921,NA,0.9,NA,0.862,NA,"0.64","I",NA,NA,"1.3",NA,NA,NA,"1.0","I",NA,NA,"6","I","320","Q",NA,NA,"12.45",NA,"3778.5",NA,"8.94",NA,"6.99",NA,NA,NA,"29",NA,NA,NA,NA,NA,13.7462686567164
"146","gtmpcnut",2018-02-12 22:00:00,"2","6",NA,"0.042",NA,0.076,NA,0.027,NA,"0.003","U","0.026",NA,0.026,NA,0.053,NA,0.926,NA,0.9,NA,0.873,NA,"0.99","I",NA,NA,"1.7",NA,NA,NA,"1.1","I",NA,NA,"10",NA,"290","Q",NA,NA,"19.447",NA,"295.4",NA,"6.39",NA,"6.57",NA,NA,NA,"30",NA,NA,NA,NA,NA,12.1842105263158
"147","gtmpcnut",2018-03-26 22:00:00,"2","6",NA,"0.022",NA,0.059,NA,0.006,NA,"0.002","U","0.004","U",0.004,"U",0.01,NA,0.344,NA,0.34,"I",0.334,NA,"4.1",NA,NA,NA,"5.3",NA,NA,NA,"1.9",NA,NA,NA,"16",NA,"76","Q",NA,NA,"20.11",NA,"42280",NA,"7.03",NA,"7.83",NA,NA,NA,"5.3",NA,NA,NA,NA,NA,5.83050847457627
"148","gtmpcnut",2018-04-24 22:00:00,"2","6",NA,"0.032",NA,0.075,NA,0.018,NA,"0.006",NA,"0.009","I",0.015,NA,0.033,NA,0.955,NA,0.94,NA,0.922,NA,"4.9",NA,NA,NA,"7.1",NA,NA,NA,"3.4",NA,NA,NA,"12",NA,"160","BQ",NA,NA,"24.721",NA,"12158.1",NA,"5.63",NA,"8.06",NA,NA,NA,"25",NA,NA,NA,NA,NA,12.7333333333333
"149","gtmpcnut",2018-05-28 22:00:00,"2","6",NA,"0.049",NA,0.13,NA,0.024,NA,"0.003","U","0.021",NA,0.023,NA,0.047,NA,1.323,NA,1.3,NA,1.276,NA,"4.4",NA,NA,NA,"7.0",NA,NA,NA,"4.0",NA,NA,NA,"26",NA,"220","Q",NA,NA,"27.02",NA,"437.4",NA,"5.63",NA,"6.7",NA,NA,NA,"42",NA,NA,NA,NA,NA,10.1769230769231
"150","gtmpcnut",2018-06-11 22:00:00,"2","6",NA,"0.038",NA,0.094,NA,0.043,NA,"0.013","Q","0.012","Q",0.025,NA,0.068,NA,1.325,NA,1.3,NA,1.257,NA,"3.7",NA,NA,NA,"5.1",NA,NA,NA,"2.0",NA,NA,NA,"17",NA,"280","Q",NA,NA,"27.562",NA,"7371.5",NA,"5.75",NA,"6.93",NA,NA,NA,"32",NA,NA,NA,NA,NA,14.0957446808511
"151","gtmpcnut",2018-07-23 22:00:00,"2","6",NA,"0.031",NA,0.092,NA,0.004,"I","0.003","I","0.014",NA,0.017,NA,0.021,NA,0.727,NA,0.71,NA,0.706,NA,"17",NA,NA,NA,"21",NA,NA,NA,"6.0",NA,NA,NA,"19",NA,"13","BQ",NA,NA,"29.328",NA,"29062.4",NA,"7",NA,"7.37",NA,NA,NA,"14",NA,NA,NA,NA,NA,7.90217391304348
"152","gtmpcnut",2018-08-06 22:00:00,"2","6",NA,"0.036",NA,0.055,NA,0.007,NA,"0.003","U","0.012",NA,0.012,NA,0.019,NA,1.212,NA,1.2,NA,1.193,NA,"1.4","I",NA,NA,"2.2",NA,NA,NA,"1.1","I",NA,NA,"12",NA,"210","Q",NA,NA,"30.218",NA,"192.2",NA,"4.5",NA,"6.28",NA,NA,NA,"43",NA,NA,NA,NA,NA,22.0363636363636
"153","gtmpcnut",2018-09-04 22:00:00,"2","6",NA,"0.045",NA,0.09,NA,0.004,"I","0.007",NA,"0.018",NA,0.026,NA,0.03,NA,0.816,NA,0.79,NA,0.786,NA,"15",NA,NA,NA,"20",NA,NA,NA,"8.2",NA,NA,NA,"12",NA,"78","Q",NA,NA,"31.034",NA,"6513.7",NA,"5.83",NA,"7.27",NA,NA,NA,"22",NA,NA,NA,NA,NA,9.06666666666667
"154","gtmpcnut",2018-10-22 22:00:00,"2","6",NA,"0.041",NA,0.077,NA,0.041,NA,"0.006",NA,"0.021",NA,0.027,NA,0.068,NA,0.827,NA,0.8,NA,0.759,NA,"9.3",NA,NA,NA,"15",NA,NA,NA,"8.3",NA,NA,NA,"110",NA,"86","Q",NA,NA,"23.49",NA,"26396.5",NA,"6.71",NA,"7.45",NA,NA,NA,"18",NA,NA,NA,NA,NA,10.7402597402597
"155","gtmpcnut",2018-11-05 22:00:00,"2","6",NA,"0.030",NA,0.062,NA,0.021,NA,"0.003","I","0.011",NA,0.014,NA,0.035,NA,0.564,NA,0.55,NA,0.529,NA,"3.3","I",NA,NA,"4.1",NA,NA,NA,"1.2","U",NA,NA,"8","I","73","BQ",NA,NA,"24.104",NA,"31536",NA,"6.24",NA,"7.66",NA,NA,NA,"12",NA,NA,NA,NA,NA,9.09677419354839
"156","gtmpcnut",2018-12-03 22:00:00,"2","6",NA,"0.030",NA,0.062,NA,0.009,NA,"0.004","I","0.27",NA,0.27,NA,0.279,NA,1,NA,0.73,NA,0.721,NA,"2.8",NA,NA,NA,"3.9",NA,NA,NA,"1.6","I",NA,NA,"9","I","48","Q",NA,NA,"21.991",NA,"24204.4",NA,"6.77",NA,"7.72",NA,NA,NA,"19",NA,NA,NA,NA,NA,16.1290322580645
"157","gtmpcnut",2018-01-16 00:30:00,"2","7",NA,"0.038",NA,0.073,NA,0.032,NA,"0.003","U","0.016",NA,0.018,NA,0.05,NA,1.018,NA,1,NA,0.968,NA,"1.0","U",NA,NA,"1.0","I",NA,NA,"0.86","I",NA,NA,"10","I","340","Q",NA,NA,"12.68",NA,"800",NA,"8.4",NA,"6.88",NA,NA,NA,"32",NA,NA,NA,NA,NA,13.9452054794521
"158","gtmpcnut",2018-02-13 00:30:00,"2","7",NA,"0.045",NA,0.072,NA,0.025,NA,"0.003","U","0.023",NA,0.023,NA,0.048,NA,0.903,NA,0.88,NA,0.855,NA,"0.56","I",NA,NA,"0.89","I",NA,NA,"0.50","I",NA,NA,"5","I","220","Q",NA,NA,"19.372",NA,"4477.1",NA,"6.8",NA,"6.77",NA,NA,NA,"31",NA,NA,NA,NA,NA,12.5416666666667
"159","gtmpcnut",2018-03-27 00:30:00,"2","7",NA,"0.026",NA,0.069,NA,0.012,NA,"0.002","U","0.005","I",0.006,"I",0.018,NA,0.456,NA,0.45,NA,0.438,NA,"5.8",NA,NA,NA,"7.7",NA,NA,NA,"2.8",NA,NA,NA,"14",NA,"220","Q",NA,NA,"19.94",NA,"29557",NA,"6.35",NA,"7.46",NA,NA,NA,"7.9",NA,NA,NA,NA,NA,6.60869565217391
"160","gtmpcnut",2018-04-25 00:30:00,"2","7",NA,"0.042",NA,0.073,NA,0.034,NA,"0.007",NA,"0.014",NA,0.021,NA,0.055,NA,0.851,NA,0.83,NA,0.796,NA,"2.5",NA,NA,NA,"3.9",NA,NA,NA,"2.0",NA,NA,NA,"9","I","210","Q",NA,NA,"23.623",NA,"7520.3",NA,"5.26",NA,"7.8",NA,NA,NA,"29",NA,NA,NA,NA,NA,11.6575342465753
"161","gtmpcnut",2018-05-29 00:30:00,"2","7",NA,"0.045",NA,0.14,NA,0.03,NA,"0.003","U","0.022",NA,0.023,NA,0.053,NA,1.423,NA,1.4,NA,1.37,NA,"6.9",NA,NA,NA,"11",NA,NA,NA,"6.9",NA,NA,NA,"47",NA,"180","BQ",NA,NA,"27.085",NA,"2335.6",NA,"5.85",NA,"6.97",NA,NA,NA,"39",NA,NA,NA,NA,NA,10.1642857142857
"162","gtmpcnut",2018-06-12 00:30:00,"2","7",NA,"0.039",NA,0.095,NA,0.029,NA,"0.003","U","0.026",NA,0.028,NA,0.057,NA,1.328,NA,1.3,NA,1.271,NA,"1.9",NA,NA,NA,"3.1",NA,NA,NA,"1.9",NA,NA,NA,"19",NA,"380","Q",NA,NA,"26.944",NA,"3122.3",NA,"5.11",NA,"6.65",NA,NA,NA,"35",NA,NA,NA,NA,NA,13.9789473684211
"163","gtmpcnut",2018-07-24 00:30:00,"2","7",NA,"0.037",NA,0.096,NA,0.049,NA,"0.006",NA,"0.026",NA,0.032,NA,0.081,NA,0.852,NA,0.82,NA,0.771,NA,"4.9",NA,NA,NA,"6.9",NA,NA,NA,"3.0",NA,NA,NA,"19",NA,"10","BQ",NA,NA,"28.77",NA,"17655.1",NA,"5.38",NA,"7.3",NA,NA,NA,"18",NA,NA,NA,NA,NA,8.875
"164","gtmpcnut",2018-08-07 00:30:00,"2","7",NA,"0.035",NA,0.053,NA,0.009,NA,"0.003","U","0.012",NA,0.013,NA,0.022,NA,1.213,NA,1.2,NA,1.191,NA,"0.65","I",NA,NA,"1.0","I",NA,NA,"0.57","I",NA,NA,"5","I","140","BQ",NA,NA,"29.013",NA,"139",NA,"4.53",NA,"6.26",NA,NA,NA,"43",NA,NA,NA,NA,NA,22.8867924528302
"165","gtmpcnut",2018-09-05 00:30:00,"2","7",NA,"0.052",NA,0.082,NA,0.003,"I","0.004","I","0.048",NA,0.051,NA,0.054,NA,0.821,NA,0.77,NA,0.767,NA,"4.4",NA,NA,NA,"6.2",NA,NA,NA,"2.7",NA,NA,NA,"14",NA,"100","BQ",NA,NA,"29.639",NA,"1153.3",NA,"4.82",NA,"7.07",NA,NA,NA,"24",NA,NA,NA,NA,NA,10.0121951219512
"166","gtmpcnut",2018-10-23 00:30:00,"2","7",NA,"0.042",NA,0.1,NA,0.04,NA,"0.005",NA,"0.021",NA,0.026,NA,0.066,NA,0.926,NA,0.9,NA,0.86,NA,"6.9",NA,NA,NA,"11",NA,NA,NA,"5.8",NA,NA,NA,"42",NA,"66","Q",NA,NA,"23.349",NA,"27867.1",NA,"6.61",NA,"7.49",NA,NA,NA,"18",NA,NA,NA,NA,NA,9.26
"167","gtmpcnut",2018-11-06 00:30:00,"2","7",NA,"0.034",NA,0.077,NA,0.033,NA,"0.004","IJ","0.018","J",0.022,NA,0.055,NA,0.722,NA,0.7,NA,0.667,NA,"3.7",NA,NA,NA,"5.3",NA,NA,NA,"2.4","I",NA,NA,"15",NA,"240","Q",NA,NA,"23.433",NA,"19290.8",NA,"5.69",NA,"7.31",NA,NA,NA,"17",NA,NA,NA,NA,NA,9.37662337662338
"168","gtmpcnut",2018-12-04 00:30:00,"2","7",NA,"0.034",NA,0.06,NA,0.009,NA,"0.005","I","0.26",NA,0.26,NA,0.269,NA,1.07,NA,0.81,NA,0.801,NA,"1.2","I",NA,NA,"1.8",NA,NA,NA,"0.90","I",NA,NA,"5","I","100","Q",NA,NA,"20.335",NA,"12850",NA,"6.65",NA,"7.34",NA,NA,NA,"26",NA,NA,NA,NA,NA,17.8333333333333
"169","gtmpcnut",2018-01-16 03:00:00,"2","8",NA,"0.035",NA,0.061,NA,0.022,NA,"0.003","U","0.012",NA,0.013,NA,0.035,NA,0.953,NA,0.94,NA,0.918,NA,"0.55","U",NA,NA,"0.66","I",NA,NA,"0.40","U",NA,NA,"4","I","310","Q",NA,NA,"12.07",NA,"329.6",NA,"8.24",NA,"6.71",NA,NA,NA,"32",NA,NA,NA,NA,NA,15.6229508196721
"170","gtmpcnut",2018-02-13 03:00:00,"2","8",NA,"0.044",NA,0.076,NA,0.024,NA,"0.010",NA,"0.004","U",0.013,NA,0.037,NA,0.933,NA,0.92,NA,0.896,NA,"0.79","U",NA,NA,"0.57","U",NA,NA,"0.57","U",NA,NA,"3","U","150","BQ",NA,NA,"19.681",NA,"18474.7",NA,"6.73",NA,"7.14",NA,NA,NA,"31",NA,NA,NA,NA,NA,12.2763157894737
"171","gtmpcnut",2018-03-27 03:00:00,"2","8",NA,"0.029",NA,0.059,NA,0.016,NA,"0.002","U","0.006","I",0.007,"I",0.023,NA,0.477,NA,0.47,NA,0.454,NA,"5.3","A",NA,NA,"6.5","A",NA,NA,"1.7","I",NA,NA,"10",NA,"240","Q",NA,NA,"19.68",NA,"22744",NA,"6.15",NA,"7.31",NA,NA,NA,"9.0",NA,NA,NA,NA,NA,8.08474576271187
"172","gtmpcnut",2018-04-25 03:00:00,"2","8",NA,"0.048",NA,0.079,NA,0.033,NA,"0.003","U","0.032",NA,0.033,NA,0.066,NA,0.913,NA,0.88,NA,0.847,NA,"1.6","I",NA,NA,"2.3",NA,NA,NA,"1.1","I",NA,NA,"5","I","210","Q",NA,NA,"22.671",NA,"3939.7",NA,"5.21",NA,"7.67",NA,NA,NA,"31",NA,NA,NA,NA,NA,11.5569620253165
"173","gtmpcnut",2018-05-29 03:00:00,"2","8",NA,"0.047",NA,0.11,NA,0.011,NA,"0.003","U","0.016",NA,0.017,NA,0.028,NA,1.217,NA,1.2,NA,1.189,NA,"2.3","I",NA,NA,"4.3",NA,NA,NA,"3.1",NA,NA,NA,"17",NA,"150","BQ",NA,NA,"26.078",NA,"299.6",NA,"5.16",NA,"6.61",NA,NA,NA,"40",NA,NA,NA,NA,NA,11.0636363636364
"174","gtmpcnut",2018-06-12 03:00:00,"2","8",NA,"0.041",NA,0.07,NA,0.023,NA,"0.003","U","0.020",NA,0.021,NA,0.044,NA,1.221,NA,1.2,NA,1.177,NA,"1.3","I",NA,NA,"2.4",NA,NA,NA,"1.7","I",NA,NA,"10","I","130","BQ",NA,NA,"25.859",NA,"368.3",NA,"4.78",NA,"6.41",NA,NA,NA,"39",NA,NA,NA,NA,NA,17.4428571428571
"175","gtmpcnut",2018-07-24 03:00:00,"2","8",NA,"0.043",NA,0.076,NA,0.067,NA,"0.008",NA,"0.031",NA,0.039,NA,0.106,NA,0.809,NA,0.77,NA,0.703,NA,"5.0",NA,NA,NA,"7.2",NA,NA,NA,"3.3",NA,NA,NA,"8","I","120","Q",NA,NA,"27.958",NA,"8559.3",NA,"4.33",NA,"6.99",NA,NA,NA,"23",NA,NA,NA,NA,NA,10.6447368421053
"176","gtmpcnut",2018-08-07 03:00:00,"2","8",NA,"0.034",NA,0.054,NA,0.01,NA,"0.003","U","0.011",NA,0.011,NA,0.021,NA,1.111,NA,1.1,NA,1.09,NA,"0.58","I",NA,NA,"0.80","I",NA,NA,"0.40","U",NA,NA,"4","I","250","Q",NA,NA,"28.068",NA,"130.5",NA,"4.52",NA,"6.26",NA,NA,NA,"42",NA,NA,NA,NA,NA,20.5740740740741
"177","gtmpcnut",2018-09-05 03:00:00,"2","8",NA,"0.052",NA,0.081,NA,0.004,"I","0.003","U","0.046",NA,0.049,NA,0.053,NA,0.839,NA,0.79,NA,0.786,NA,"3.0","I",NA,NA,"4.2",NA,NA,NA,"1.7","I",NA,NA,"5","I","130","BQ",NA,NA,"29.032",NA,"651.4",NA,"4.56",NA,"7.0",NA,NA,NA,"24",NA,NA,NA,NA,NA,10.358024691358
"178","gtmpcnut",2018-10-23 03:00:00,"2","8",NA,"0.047",NA,0.09,NA,0.048,NA,"0.007",NA,"0.027",NA,0.034,NA,0.082,NA,0.934,NA,0.9,NA,0.852,NA,"3.2",NA,NA,NA,"4.8",NA,NA,NA,"2.4","I",NA,NA,"10",NA,"100","BQ",NA,NA,"23.763",NA,"12533",NA,"5.54",NA,"7.0",NA,NA,NA,"26",NA,NA,NA,NA,NA,10.3777777777778
"179","gtmpcnut",2018-11-06 03:00:00,"2","8",NA,"0.037",NA,0.064,NA,0.026,NA,"0.005","I","0.017",NA,0.022,NA,0.048,NA,0.722,NA,0.7,NA,0.674,NA,"1.6","I",NA,NA,"2.2",NA,NA,NA,"0.81","I",NA,NA,"5","I","200","Q",NA,NA,"22.575",NA,"7514.1",NA,"5.44",NA,"7.14",NA,NA,NA,"20",NA,NA,NA,NA,NA,11.28125
"180","gtmpcnut",2018-12-04 03:00:00,"2","8",NA,"0.034",NA,0.058,NA,0.009,NA,"0.005",NA,"0.26",NA,0.26,NA,0.269,NA,1.11,NA,0.85,NA,0.841,NA,"0.79","U",NA,NA,"1.1","I",NA,NA,"0.86","U",NA,NA,"5","I","96","Q",NA,NA,"19.467",NA,"6356.4",NA,"6.67",NA,"7.15",NA,NA,NA,"29",NA,NA,NA,NA,NA,19.1379310344828
"181","gtmpcnut",2018-01-16 05:30:00,"2","9",NA,NA,NA,0.055,NA,0.02,NA,NA,NA,NA,NA,0.014,NA,0.034,NA,0.944,NA,0.93,NA,0.91,NA,"0.55","U",NA,NA,"0.51","I",NA,NA,"0.40","U",NA,NA,"3","I","210","Q",NA,NA,"11.67",NA,"297.6",NA,"8.17",NA,"6.66",NA,NA,NA,"32",NA,NA,NA,NA,NA,17.1636363636364
"182","gtmpcnut",2018-02-13 05:30:00,"2","9",NA,"0.043",NA,0.075,NA,0.027,NA,"0.003","U","0.025",NA,0.025,NA,0.052,NA,0.965,NA,0.94,NA,0.913,NA,"1.2","I",NA,NA,"1.6",NA,NA,NA,"0.46","I",NA,NA,"3","I","130","BQ",NA,NA,"19.418",NA,"3236.9",NA,"6.46",NA,"6.73",NA,NA,NA,"32",NA,NA,NA,NA,NA,12.8666666666667
"183","gtmpcnut",2018-03-27 05:30:00,"2","9",NA,"0.026",NA,0.065,NA,0.015,NA,"0.002","U","0.004","U",0.005,"I",0.02,NA,0.465,NA,0.46,NA,0.445,NA,"4.9",NA,NA,NA,"6.3",NA,NA,NA,"2.0",NA,NA,NA,"14",NA,"250","Q",NA,NA,"19.35",NA,"30881",NA,"6.26",NA,"7.43",NA,NA,NA,"7.8",NA,NA,NA,NA,NA,7.15384615384615
"184","gtmpcnut",2018-04-25 05:30:00,"2","9",NA,"0.038",NA,0.08,NA,0.037,NA,"0.007",NA,"0.011",NA,0.018,NA,0.055,NA,0.928,NA,0.91,NA,0.873,NA,"6.2",NA,NA,NA,"8.3",NA,NA,NA,"3.2",NA,NA,NA,"16",NA,"100","Q",NA,NA,"22.626",NA,"18794.1",NA,"5.56",NA,"7.97",NA,NA,NA,"26",NA,NA,NA,NA,NA,11.6
"185","gtmpcnut",2018-05-29 05:30:00,"2","9",NA,"0.042",NA,0.083,NA,0.008,NA,"0.003","U","0.012",NA,0.012,NA,0.02,NA,1.212,NA,1.2,NA,1.192,NA,"1.4","I",NA,NA,"2.4",NA,NA,NA,"1.5","I",NA,NA,"7","I","150","BQ",NA,NA,"25.362",NA,"220.6",NA,"4.6",NA,"6.54",NA,NA,NA,"39",NA,NA,NA,NA,NA,14.6024096385542
"186","gtmpcnut",2018-06-12 05:30:00,"2","9",NA,"0.042",NA,0.069,NA,0.021,NA,"0.003","U","0.018",NA,0.019,NA,0.04,NA,1.219,NA,1.2,NA,1.179,NA,"0.95","I",NA,NA,"1.5",NA,NA,NA,"0.83","I",NA,NA,"6","I","150","BQ",NA,NA,"25.27",NA,"230.1",NA,"4.62",NA,"6.38",NA,NA,NA,"39",NA,NA,NA,NA,NA,17.6666666666667
"187","gtmpcnut",2018-07-24 05:30:00,"2","9",NA,"0.042",NA,0.079,NA,0.048,NA,"0.008",NA,"0.032",NA,0.04,NA,0.088,NA,0.88,NA,0.84,NA,0.792,NA,"3.4","I",NA,NA,"4.2",NA,NA,NA,"1.2","I",NA,NA,"4","I","88","Q",NA,NA,"27.591",NA,"5154.9",NA,"3.93",NA,"6.89",NA,NA,NA,"25",NA,NA,NA,NA,NA,11.1392405063291
"188","gtmpcnut",2018-08-07 05:30:00,"2","9",NA,"0.040",NA,0.061,NA,0.018,NA,"0.003","U","0.013",NA,0.013,NA,0.031,NA,1.113,NA,1.1,NA,1.082,NA,"1.0","I",NA,NA,"1.6",NA,NA,NA,"0.85","I",NA,NA,"5","I","270","Q",NA,NA,"28.275",NA,"251.8",NA,"4.44",NA,"6.31",NA,NA,NA,"42",NA,NA,NA,NA,NA,18.2459016393443
"189","gtmpcnut",2018-09-05 05:30:00,"2","9",NA,"0.053",NA,0.096,NA,0.024,NA,"0.003","I","0.046",NA,0.049,NA,0.073,NA,0.869,NA,0.82,NA,0.796,NA,"8.0",NA,NA,NA,"10",NA,NA,NA,"3.5",NA,NA,NA,"10","A","55","BQ",NA,NA,"29.409",NA,"3600.5",NA,"5.15",NA,"7.11",NA,NA,NA,"23",NA,NA,NA,NA,NA,9.05208333333333
"190","gtmpcnut",2018-10-23 05:30:00,"2","9",NA,"0.048",NA,0.082,NA,0.045,NA,"0.008",NA,"0.026",NA,0.034,NA,0.079,NA,0.984,NA,0.95,NA,0.905,NA,"2.1",NA,NA,NA,"2.7",NA,NA,NA,"0.86","I",NA,NA,"8","I","250","Q",NA,NA,"23.734",NA,"7991.5",NA,"5.08",NA,"6.9",NA,NA,NA,"28",NA,NA,NA,NA,NA,12
"191","gtmpcnut",2018-11-06 05:30:00,"2","9",NA,"0.039",NA,0.065,NA,0.023,NA,"0.003","U","0.026",NA,0.029,NA,0.052,NA,0.699,NA,0.67,NA,0.647,NA,"1.6","I",NA,NA,"2.0",NA,NA,NA,"0.68","U",NA,NA,"4","I","210","Q",NA,NA,"22.204",NA,"4158.2",NA,"5.28",NA,"7.11",NA,NA,NA,"21",NA,NA,NA,NA,NA,10.7538461538462
"192","gtmpcnut",2018-12-04 05:30:00,"2","9",NA,"0.036",NA,0.063,NA,0.009,NA,"0.005",NA,"0.25",NA,0.25,NA,0.259,NA,1.06,NA,0.81,NA,0.801,NA,"2.2",NA,NA,NA,"2.9",NA,NA,NA,"1.1","I",NA,NA,"5","I","140","BQ",NA,NA,"19.414",NA,"7399",NA,"6.7",NA,"7.13",NA,NA,NA,"28",NA,NA,NA,NA,NA,16.8253968253968
"193","gtmpinut",2018-01-16 10:23:00,"1","1",NA,"0.036",NA,0.057,NA,0.04,NA,"0.002","I","0.032",NA,0.034,NA,0.074,NA,0.544,NA,0.51,NA,0.47,NA,"3.6",NA,NA,NA,"4.0",NA,NA,NA,"0.53","U",NA,NA,"6","I","3","BQ",NA,NA,"11.5",NA,"38646",NA,"10.72",NA,"6.73",NA,NA,NA,"8.0",NA,0.51,NA,0.47,NA,9.54385964912281
"194","gtmpinut",2018-02-13 09:13:00,"1","1",NA,"0.032",NA,0.056,NA,0.035,NA,"0.002","I","0.014",NA,0.016,NA,0.051,NA,0.636,NA,0.62,NA,0.585,NA,"3.5",NA,NA,NA,"4.4",NA,NA,NA,"1.3",NA,NA,NA,"6","I","7","BQ",NA,NA,"19.5",NA,"33720",NA,"7.29",NA,"7.27",NA,NA,NA,"9.2",NA,0.5,NA,0.465,NA,11.3571428571429
"195","gtmpinut",2018-03-27 08:17:00,"1","1",NA,"0.012",NA,0.04,NA,0.014,NA,"0.002","U","0.004","U",0.004,"U",0.018,NA,0.334,NA,0.33,"I",0.316,NA,"2.1",NA,NA,NA,"2.4",NA,NA,NA,"0.51","I",NA,NA,"11",NA,"2","BQ",NA,NA,"17.8",NA,"49750",NA,"7.34",NA,"6.93",NA,NA,NA,"4.2",NA,0.48,NA,0.466,NA,8.35
"196","gtmpinut",2018-04-25 08:00:00,"1","1",NA,"0.015",NA,0.043,NA,0.021,NA,"0.002","U","0.007","I",0.008,"I",0.029,NA,0.468,NA,0.46,NA,0.439,NA,"5.3",NA,NA,NA,"6.2",NA,NA,NA,"1.2","I",NA,NA,"8","I","10","BQ",NA,NA,"22.1",NA,"44838",NA,"6.64",NA,"7.28",NA,NA,NA,"5.6",NA,0.46,NA,0.439,NA,10.8837209302326
"197","gtmpinut",2018-05-29 10:23:00,"1","1",NA,"0.023",NA,0.067,NA,0.043,NA,"0.003","I","0.006","I",0.009,"I",0.052,NA,0.629,NA,0.62,NA,0.577,NA,"6.9",NA,NA,NA,"8.9",NA,NA,NA,"2.9",NA,NA,NA,"18",NA,"2","BQ",NA,NA,"26.5",NA,"47019",NA,"5.54",NA,"6.88",NA,NA,NA,"5.6",NA,0.58,NA,0.537,NA,9.38805970149254
"198","gtmpinut",2018-06-12 09:36:00,"1","1",NA,"0.045",NA,0.087,NA,0.11,NA,"0.009",NA,"0.017",NA,0.025,NA,0.135,NA,0.745,NA,0.72,NA,0.61,NA,"5.0",NA,NA,NA,"7.1",NA,NA,NA,"3.2",NA,NA,NA,"14",NA,"6","BQ",NA,NA,"27.6",NA,"31917",NA,"3.87",NA,"6.75",NA,NA,NA,"11",NA,0.55,NA,0.44,NA,8.5632183908046
"199","gtmpinut",2018-07-24 09:17:00,"1","1",NA,"0.041",NA,0.065,NA,0.037,NA,"0.073",NA,"0.082","U",0.032,NA,0.069,NA,0.642,NA,0.61,NA,0.573,NA,"4.4",NA,NA,NA,"5.8",NA,NA,NA,"2.0",NA,NA,NA,"8","I","8","BQ",NA,NA,"27.0",NA,"33202",NA,"4.15",NA,"6.94",NA,NA,NA,"10",NA,0.68,NA,0.643,NA,9.87692307692308
"200","gtmpinut",2018-08-07 07:38:00,"1","1",NA,"0.039",NA,0.084,NA,0.019,NA,"0.060",NA,"0.091","U",0.014,NA,0.033,NA,0.894,NA,0.88,NA,0.861,NA,"11",NA,NA,NA,"14",NA,NA,NA,"4.7",NA,NA,NA,"12",NA,"3","BQ",NA,NA,"31.1",NA,"25661",NA,"4.09",NA,"6.91",NA,NA,NA,"13",NA,0.65,NA,0.631,NA,10.6428571428571
"201","gtmpinut",2018-09-05 07:26:00,"1","1",NA,"0.046",NA,0.074,NA,0.037,NA,"0.094",NA,"0.078","U",0.055,NA,0.092,NA,0.775,NA,0.72,NA,0.683,NA,"3.7",NA,NA,NA,"4.8",NA,NA,NA,"1.7",NA,NA,NA,"7","IA","3","BQ",NA,NA,"29.3",NA,"32668",NA,"4.42",NA,"7.50",NA,NA,NA,"10",NA,0.8,NA,0.763,NA,10.472972972973
"202","gtmpinut",2018-10-23 11:34:00,"1","1",NA,"0.037",NA,0.065,NA,0.058,NA,"0.006",NA,"0.020",NA,0.027,NA,0.085,NA,0.587,NA,0.56,NA,0.502,NA,"4.6",NA,NA,NA,"5.4",NA,NA,NA,"0.98","I",NA,NA,"10","I","2","UQ",NA,NA,"24.3",NA,"46613",NA,"5.49",NA,"7.58",NA,NA,NA,"6.2",NA,0.49,NA,0.432,NA,9.03076923076923
"203","gtmpinut",2018-11-06 09:23:00,"1","1",NA,"0.024",NA,0.061,NA,0.038,NA,"0.008",NA,"0.011",NA,0.018,NA,0.056,NA,0.438,NA,0.42,NA,0.382,NA,"3.5",NA,NA,NA,"4.2",NA,NA,NA,"0.90","I",NA,NA,"16","A","11","BQ",NA,NA,"22.8",NA,"50994",NA,"4.77",NA,"7.74",NA,NA,NA,"3.6",NA,0.27,"I",0.232,NA,7.18032786885246
"204","gtmpinut",2018-12-04 08:31:00,"1","1",NA,"0.022",NA,0.049,NA,0.04,NA,"0.002","U","0.14",NA,0.15,NA,0.19,NA,0.59,NA,0.44,NA,0.4,NA,"3.0",NA,NA,NA,"3.6",NA,NA,NA,"0.91","I",NA,NA,"8","I","18","BQ",NA,NA,"19.0",NA,"44611",NA,"6.22",NA,"7.67",NA,NA,NA,"5.4",NA,0.48,NA,0.44,NA,12.0408163265306
"205","gtmpinut",2018-01-16 10:26:00,"1","2",NA,"0.036",NA,0.055,NA,0.038,NA,"0.002","U","0.028",NA,0.03,NA,0.068,NA,0.51,NA,0.48,NA,0.442,NA,"3.4",NA,NA,NA,"3.7",NA,NA,NA,"0.60","U",NA,NA,"7","I","7","BQ",NA,NA,"11.5",NA,"38646",NA,"10.72",NA,"6.73",NA,NA,NA,"7.8",NA,0.46,NA,0.422,NA,9.27272727272727
"206","gtmpinut",2018-02-13 09:15:00,"1","2",NA,"0.032",NA,0.056,NA,0.032,NA,"0.002","I","0.014",NA,0.016,NA,0.048,NA,0.606,NA,0.59,NA,0.558,NA,"2.7",NA,NA,NA,"3.4",NA,NA,NA,"1.0","I",NA,NA,"6","I","10","BQ",NA,NA,"19.5",NA,"33720",NA,"7.29",NA,"7.27",NA,NA,NA,"9.1",NA,0.49,NA,0.458,NA,10.8214285714286
"207","gtmpinut",2018-03-27 08:20:00,"1","2",NA,"0.012",NA,0.039,NA,0.014,NA,"0.002","U","0.004","U",0.004,"U",0.018,NA,0.324,NA,0.32,"I",0.306,NA,"3.3",NA,NA,NA,"4.0",NA,NA,NA,"1.1","I",NA,NA,"11",NA,"2","UQ",NA,NA,"17.8",NA,"49750",NA,"7.34",NA,"6.93",NA,NA,NA,"4.3",NA,0.39,"I",0.376,NA,8.30769230769231
"208","gtmpinut",2018-04-25 08:02:00,"1","2",NA,"0.016",NA,0.041,NA,0.02,NA,"0.002","U","0.007","I",0.008,"I",0.028,NA,0.458,NA,0.45,NA,0.43,NA,"4.2","AJ",NA,NA,"5.1","AJ",NA,NA,"1.7",NA,NA,NA,"7","I","7","BQ",NA,NA,"22.1",NA,"44838",NA,"6.64",NA,"7.28",NA,NA,NA,"5.6",NA,0.45,NA,0.43,NA,11.1707317073171
"209","gtmpinut",2018-05-29 10:24:00,"1","2",NA,"0.023",NA,0.068,NA,0.04,NA,"0.003","I","0.006","I",0.009,"I",0.049,NA,0.639,NA,0.63,NA,0.59,NA,"6.7",NA,NA,NA,"8.6",NA,NA,NA,"2.6",NA,NA,NA,"17",NA,"3","BQ",NA,NA,"26.5",NA,"47019",NA,"5.54",NA,"6.88",NA,NA,NA,"5.5",NA,0.54,NA,0.5,NA,9.39705882352941
"210","gtmpinut",2018-06-12 09:39:00,"1","2",NA,"0.045",NA,0.087,NA,0.1,NA,"0.008",NA,"0.016",NA,0.025,NA,0.125,NA,0.795,NA,0.77,NA,0.67,NA,"5.4","A",NA,NA,"8.0","A",NA,NA,"4.0","A",NA,NA,"15",NA,"15","BQ",NA,NA,"27.6",NA,"31917",NA,"3.87",NA,"6.75",NA,NA,NA,"11",NA,0.57,NA,0.47,NA,9.13793103448276
"211","gtmpinut",2018-07-24 09:19:00,"1","2",NA,"0.040",NA,0.073,NA,0.036,NA,"0.071",NA,"0.074","U",0.034,NA,0.07,NA,0.714,NA,0.68,NA,0.644,NA,"4.3",NA,NA,NA,"5.4",NA,NA,NA,"1.5",NA,NA,NA,"8","IA","2","UQ",NA,NA,"27.0",NA,"33202",NA,"4.15",NA,"6.94",NA,NA,NA,"11",NA,0.64,NA,0.604,NA,9.78082191780822
"212","gtmpinut",2018-08-07 07:39:00,"1","2",NA,"0.040",NA,0.079,NA,0.017,NA,"0.058",NA,"0.088","U",0.014,NA,0.031,NA,0.964,NA,0.95,NA,0.933,NA,"11",NA,NA,NA,"14",NA,NA,NA,"4.8",NA,NA,NA,"13",NA,"3","BQ",NA,NA,"31.1",NA,"25661",NA,"4.09",NA,"6.91",NA,NA,NA,"13",NA,0.56,NA,0.543,NA,12.2025316455696
"213","gtmpinut",2018-09-05 07:30:00,"1","2",NA,"0.047",NA,0.075,NA,0.035,NA,"0.096",NA,"0.090","U",0.052,NA,0.087,NA,0.832,NA,0.78,NA,0.745,NA,"3.8",NA,NA,NA,"5.0",NA,NA,NA,"1.7",NA,NA,NA,"11",NA,"3","BQ",NA,NA,"29.3",NA,"32668",NA,"4.42",NA,"7.50",NA,NA,NA,"10",NA,0.72,NA,0.685,NA,11.0933333333333
"214","gtmpinut",2018-10-23 11:36:00,"1","2",NA,"0.039",NA,0.066,NA,0.058,NA,"0.007",NA,"0.015",NA,0.022,NA,0.08,NA,0.582,NA,0.56,NA,0.502,NA,"5.4",NA,NA,NA,"6.1",NA,NA,NA,"0.93","I",NA,NA,"10",NA,"5","BQ",NA,NA,"24.3",NA,"46613",NA,"5.49",NA,"7.58",NA,NA,NA,"6.3",NA,0.49,NA,0.432,NA,8.81818181818182
"215","gtmpinut",2018-11-06 09:26:00,"1","2",NA,"0.025",NA,0.061,NA,0.039,NA,"0.008",NA,"0.009","I",0.017,NA,0.056,NA,0.527,NA,0.51,NA,0.471,NA,"4.6",NA,NA,NA,"5.6",NA,NA,NA,"1.3","I",NA,NA,"16",NA,"8","BQ",NA,NA,"22.8",NA,"50994",NA,"4.77",NA,"7.74",NA,NA,NA,"3.7",NA,0.3,"I",0.261,NA,8.63934426229508
"216","gtmpinut",2018-12-04 08:33:00,"1","2",NA,"0.023",NA,0.046,NA,0.035,NA,"0.002","U","0.15",NA,0.15,NA,0.185,NA,0.66,NA,0.51,NA,0.475,NA,"2.7",NA,NA,NA,"3.2",NA,NA,NA,"0.68","I",NA,NA,"8","I","23","BQ",NA,NA,"19.0",NA,"44611",NA,"6.22",NA,"7.67",NA,NA,NA,"5.4",NA,0.4,NA,0.365,NA,14.3478260869565
"217","gtmssnut",2018-01-16 11:38:00,"1","1",NA,"0.016",NA,0.039,NA,0.012,NA,"0.002","U","0.027",NA,0.028,NA,0.04,NA,0.338,NA,0.31,"I",0.298,NA,"3.3",NA,NA,NA,"3.9",NA,NA,NA,"0.74","I",NA,NA,"9","I","16","BQ",NA,NA,"10.9",NA,"20241",NA,"10.94",NA,"7.21",NA,NA,NA,"3.3",NA,0.36,"I",0.348,NA,8.66666666666667
"218","gtmssnut",2018-02-13 10:51:00,"1","1",NA,"0.027",NA,0.064,NA,0.039,NA,"0.002","U","0.048",NA,0.049,NA,0.088,NA,0.509,NA,0.46,NA,0.421,NA,"2.4",NA,NA,NA,"3.4",NA,NA,NA,"1.6",NA,NA,NA,"20",NA,"45","BQ",NA,NA,"17.8",NA,"46743",NA,"7.61",NA,"7.66",NA,NA,NA,"5.0",NA,0.39,"I",0.351,NA,7.953125
"219","gtmssnut",2018-03-27 09:54:00,"1","1",NA,"0.011",NA,0.038,NA,0.017,NA,"0.002","U","0.015",NA,0.015,NA,0.032,NA,0.275,NA,0.26,"I",0.243,NA,"2.4",NA,NA,NA,"2.9",NA,NA,NA,"0.71","I",NA,NA,"12",NA,"34","BQ",NA,NA,"17.6",NA,"52550",NA,"7.69",NA,"7.44",NA,NA,NA,"2.5",NA,0.16,"U",0.143,NA,7.23684210526316
"220","gtmssnut",2018-04-25 09:10:00,"1","1",NA,"0.023",NA,0.069,NA,0.055,NA,"0.002","U","0.044",NA,0.046,NA,0.101,NA,0.526,NA,0.48,NA,0.425,NA,"2.6",NA,NA,NA,"3.5",NA,NA,NA,"1.3",NA,NA,NA,"30","A","11","BQ",NA,NA,"20.6",NA,"51744",NA,"7.53",NA,"7.54",NA,NA,NA,"3.3",NA,0.36,"I",0.305,NA,7.6231884057971
"221","gtmssnut",2018-05-29 11:39:00,"1","1",NA,"0.025",NA,0.069,NA,0.075,NA,"0.005","I","0.029",NA,0.034,NA,0.109,NA,0.644,NA,0.61,NA,0.535,NA,"9.1",NA,NA,NA,"11",NA,NA,NA,"2.7",NA,NA,NA,"30",NA,"21","BQ",NA,NA,"26.8",NA,"49301",NA,"5.63",NA,"7.35",NA,NA,NA,"4.1",NA,0.52,NA,0.445,NA,9.33333333333333
"222","gtmssnut",2018-06-12 10:42:00,"1","1",NA,"0.041",NA,0.1,NA,0.13,NA,"0.007",NA,"0.041",NA,0.048,NA,0.178,NA,0.868,NA,0.82,NA,0.69,NA,"3.3",NA,NA,NA,"5.0",NA,NA,NA,"2.7",NA,NA,NA,"65",NA,"82","Q",NA,NA,"27.4",NA,"50113",NA,"5.28",NA,"7.40",NA,NA,NA,"5.4",NA,0.53,NA,0.4,NA,8.68
"223","gtmssnut",2018-07-24 10:41:00,"1","1",NA,"0.039",NA,0.084,NA,0.13,NA,"0.009",NA,"0.039",NA,0.048,NA,0.178,NA,0.598,NA,0.55,NA,0.42,NA,"4.1","A",NA,NA,"5.7","A",NA,NA,"2.4","A",NA,NA,"22",NA,"44","BQ",NA,NA,"27.5",NA,"51257",NA,"4.39",NA,"7.35",NA,NA,NA,"4.2",NA,0.47,NA,0.34,NA,7.11904761904762
"224","gtmssnut",2018-08-07 08:58:00,"1","1",NA,"0.034",NA,0.1,NA,0.075,NA,"0.005",NA,"0.032",NA,0.037,NA,0.112,NA,0.847,NA,0.81,NA,0.735,NA,"4.1",NA,NA,NA,"6.1",NA,NA,NA,"3.0",NA,NA,NA,"38",NA,"31","BQ",NA,NA,"29.3",NA,"47820",NA,"4.41",NA,"7.54",NA,NA,NA,"6.3",NA,0.5,NA,0.425,NA,8.47
"225","gtmssnut",2018-09-05 08:37:00,"1","1",NA,"0.042",NA,0.085,NA,0.1,NA,"0.01",NA,"0.046",NA,0.056,NA,0.156,NA,0.716,NA,0.66,NA,0.56,NA,"4.3",NA,NA,NA,"6.2",NA,NA,NA,"2.7",NA,NA,NA,"25",NA,"23","BQ",NA,NA,"28.8",NA,"51196",NA,"4.72",NA,"7.77",NA,NA,NA,"3.9",NA,0.44,NA,0.34,NA,8.42352941176471
"226","gtmssnut",2018-10-23 10:21:00,"1","1",NA,"0.015",NA,0.049,NA,0.019,NA,"0.018",NA,"0.006","I",0.025,NA,0.044,NA,0.395,NA,0.37,"I",0.351,NA,"5.1",NA,NA,NA,"6.3",NA,NA,NA,"1.6","I",NA,NA,"18",NA,"3","BQ",NA,NA,"25.1",NA,"53480",NA,"5.63",NA,"7.94",NA,NA,NA,"2.2",NA,0.3,"I",0.281,NA,8.06122448979592
"227","gtmssnut",2018-11-06 10:30:00,"1","1",NA,"0.016",NA,0.056,NA,0.017,NA,"0.004","I","0.008","I",0.012,NA,0.029,NA,0.382,NA,0.37,"I",0.353,NA,"5.2",NA,NA,NA,"6.9",NA,NA,NA,"2.5","I",NA,NA,"22",NA,"25","BQ",NA,NA,"24.1",NA,"53849",NA,"5.41",NA,"7.96",NA,NA,NA,"2.2",NA,0.16,"U",0.143,NA,6.82142857142857
"228","gtmssnut",2018-12-04 09:45:00,"1","1",NA,"0.020",NA,0.061,NA,0.029,NA,"0.004","I","0.16",NA,0.16,NA,0.189,NA,0.61,NA,0.45,NA,0.421,NA,"7.5",NA,NA,NA,"9.6",NA,NA,NA,"3.0","I",NA,NA,"24",NA,"31","BQ",NA,NA,"19.5",NA,"51168",NA,"6.70",NA,"7.98",NA,NA,NA,"3.1",NA,0.32,"I",0.291,NA,10
"229","gtmssnut",2018-01-16 11:40:00,"1","2",NA,"0.017",NA,0.037,NA,0.01,NA,"0.002","U","0.031",NA,0.032,NA,0.042,NA,0.332,NA,0.3,"I",0.29,NA,"4.1",NA,NA,NA,"4.8",NA,NA,NA,"0.92","I",NA,NA,"8","I","25","BQ",NA,NA,"10.9",NA,"50241",NA,"10.94",NA,"7.21",NA,NA,NA,"3.4",NA,0.22,"IJ",0.21,NA,8.97297297297297
"230","gtmssnut",2018-02-13 10:53:00,"1","2",NA,"0.026",NA,0.062,NA,0.038,NA,"0.002","U","0.049",NA,0.05,NA,0.088,NA,0.52,NA,0.47,NA,0.432,NA,"3.1",NA,NA,NA,"4.8",NA,NA,NA,"2.5",NA,NA,NA,"22",NA,"62","Q",NA,NA,"17.8",NA,"46743",NA,"7.61",NA,"7.66",NA,NA,NA,"5.2",NA,0.41,NA,0.372,NA,8.38709677419355
"231","gtmssnut",2018-03-27 09:56:00,"1","2",NA,"0.012",NA,0.039,NA,0.015,NA,"0.002","U","0.021",NA,0.021,NA,0.036,NA,0.221,NA,0.2,"I",0.185,NA,"2.8",NA,NA,NA,"3.5",NA,NA,NA,"1.0","I",NA,NA,"11",NA,"21","BQ",NA,NA,"17.6",NA,"52550",NA,"7.69",NA,"7.44",NA,NA,NA,"2.5",NA,0.16,"U",0.145,NA,5.66666666666667
"232","gtmssnut",2018-04-25 09:13:00,"1","2",NA,"0.023",NA,0.072,NA,0.055,NA,"0.002","I","0.045",NA,0.047,NA,0.102,NA,0.367,NA,0.32,"I",0.265,NA,"2.5",NA,NA,NA,"3.9",NA,NA,NA,"2.2",NA,NA,NA,"23",NA,"7","BQ",NA,NA,"20.6",NA,"51744",NA,"7.53",NA,"7.54",NA,NA,NA,"3.4",NA,0.34,"I",0.285,NA,5.09722222222222
"233","gtmssnut",2018-05-29 11:43:00,"1","2",NA,"0.024",NA,0.072,NA,0.07,NA,"0.005","I","0.028",NA,0.032,NA,0.102,NA,0.592,NA,0.56,NA,0.49,NA,"7.4",NA,NA,NA,"9.0",NA,NA,NA,"2.3",NA,NA,NA,"30",NA,"10","BQ",NA,NA,"26.8",NA,"49301",NA,"5.63",NA,"7.35",NA,NA,NA,"4.1",NA,0.45,NA,0.38,NA,8.22222222222222
"234","gtmssnut",2018-06-12 10:44:00,"1","2",NA,"0.040",NA,0.1,NA,0.13,NA,"0.007",NA,"0.039",NA,0.045,NA,0.175,NA,0.835,NA,0.79,NA,0.66,NA,"5.9",NA,NA,NA,"8.4",NA,NA,NA,"3.7",NA,NA,NA,"61",NA,"88","Q",NA,NA,"27.4",NA,"50113",NA,"5.28",NA,"7.40",NA,NA,NA,"5.4",NA,0.53,NA,0.4,NA,8.35
"235","gtmssnut",2018-07-24 10:45:00,"1","2",NA,"0.036",NA,0.078,NA,0.13,NA,"0.009",NA,"0.039",NA,0.048,NA,0.178,NA,0.628,NA,0.58,NA,0.45,NA,"3.4",NA,NA,NA,"4.9",NA,NA,NA,"2.2",NA,NA,NA,"23",NA,"44","Q",NA,NA,"27.5",NA,"51257",NA,"4.39",NA,"7.35",NA,NA,NA,"4.0",NA,0.49,NA,0.36,NA,8.05128205128205
"236","gtmssnut",2018-08-07 08:59:00,"1","2",NA,"0.034",NA,0.11,NA,0.075,NA,"0.005",NA,"0.031",NA,0.036,NA,0.111,NA,0.976,NA,0.94,NA,0.865,NA,"7.1",NA,NA,NA,"12",NA,NA,NA,"8.0",NA,NA,NA,"35",NA,"18","BQ",NA,NA,"29.3",NA,"47820",NA,"4.41",NA,"7.54",NA,NA,NA,"6.2",NA,0.44,NA,0.365,NA,8.87272727272727
"237","gtmssnut",2018-09-05 08:43:00,"1","2",NA,"0.047",NA,0.084,NA,0.1,NA,"0.01",NA,"0.036",NA,0.046,NA,0.146,NA,0.686,NA,0.64,NA,0.54,NA,"4.5",NA,NA,NA,"6.5",NA,NA,NA,"3.0",NA,NA,NA,"28",NA,"11","BQ",NA,NA,"28.8",NA,"51196",NA,"4.72",NA,"7.77",NA,NA,NA,"3.8",NA,0.46,NA,0.36,NA,8.16666666666667
"238","gtmssnut",2018-10-23 10:22:00,"1","2",NA,"0.016",NA,0.046,NA,0.022,NA,"0.015",NA,"0.006","I",0.022,NA,0.044,NA,0.392,NA,0.37,"I",0.348,NA,"4.8",NA,NA,NA,"5.7",NA,NA,NA,"1.1","I",NA,NA,"18",NA,"5","BQ",NA,NA,"25.1",NA,"53480",NA,"5.63",NA,"7.94",NA,NA,NA,"2.3",NA,0.26,"I",0.238,NA,8.52173913043478
"239","gtmssnut",2018-11-06 10:31:00,"1","2",NA,"0.018",NA,0.062,NA,0.019,NA,"0.006",NA,"0.010",NA,0.017,NA,0.036,NA,0.507,NA,0.49,NA,0.471,NA,"7.5",NA,NA,NA,"8.0",NA,NA,NA,"1.2","U",NA,NA,"22",NA,"13","BQ",NA,NA,"24.1",NA,"53849",NA,"5.41",NA,"7.96",NA,NA,NA,"2.3",NA,0.16,"UJ",0.141,NA,8.17741935483871
"240","gtmssnut",2018-12-04 09:47:00,"1","2",NA,"0.019",NA,0.055,NA,0.028,NA,"0.004","I","0.17",NA,0.17,NA,0.198,NA,0.6,NA,0.43,NA,0.402,NA,"6.8",NA,NA,NA,"8.6",NA,NA,NA,"2.5","I",NA,NA,"26",NA,"39","BQ",NA,NA,"19.5",NA,"51168",NA,"6.70",NA,"7.98",NA,NA,NA,"3.1",NA,0.29,"I",0.262,NA,10.9090909090909
