"","SampleID","DateSampled","Component","MDL","Units"
"1","gtmfmnut1.1",2018-01-16 12:56:00,"Kjeldahl Nitrogen",0.16,"mg N/L"
"2","gtmfmnut1.2",2018-01-16 12:58:00,"Kjeldahl Nitrogen",0.16,"mg N/L"
"3","gtmpcnut1.1",2018-01-16 10:54:00,"Kjeldahl Nitrogen",0.16,"mg N/L"
"4","gtmpcnut1.2",2018-01-16 10:57:00,"Kjeldahl Nitrogen",0.16,"mg N/L"
"5","gtmpcnut2.11",2018-01-16 10:30:00,"Kjeldahl Nitrogen",0.16,"mg N/L"
"6","gtmpcnut2.2",2018-01-15 12:00:00,"Kjeldahl Nitrogen",0.16,"mg N/L"
"7","gtmpcnut2.3",2018-01-15 14:30:00,"Kjeldahl Nitrogen",0.16,"mg N/L"
"8","gtmpcnut2.4",2018-01-15 17:00:00,"Kjeldahl Nitrogen",0.16,"mg N/L"
"9","gtmpcnut2.7",2018-01-16 00:30:00,"Kjeldahl Nitrogen",0.16,"mg N/L"
"10","gtmpinut1.1",2018-01-16 10:23:00,"Kjeldahl Nitrogen",0.16,"mg N/L"
"11","gtmpinut1.2",2018-01-16 10:26:00,"Kjeldahl Nitrogen",0.16,"mg N/L"
"12","gtmssnut1.1",2018-01-16 11:38:00,"Kjeldahl Nitrogen",0.16,"mg N/L"
"13","gtmssnut1.2",2018-01-16 11:40:00,"Kjeldahl Nitrogen",0.16,"mg N/L"
"14","gtmfmnut1.1",2018-02-13 12:23:00,"Kjeldahl Nitrogen",0.16,"mg N/L"
"15","gtmfmnut1.2",2018-02-13 12:25:00,"Kjeldahl Nitrogen",0.16,"mg N/L"
"16","gtmpcnut2.8",2018-02-13 03:00:00,"Kjeldahl Nitrogen",0.16,"mg N/L"
"17","gtmpcnut2.9",2018-02-13 05:30:00,"Kjeldahl Nitrogen",0.16,"mg N/L"
"18","gtmpinut1.1",2018-02-13 09:13:00,"Kjeldahl Nitrogen",0.16,"mg N/L"
"19","gtmpinut1.2",2018-02-13 09:15:00,"Kjeldahl Nitrogen",0.16,"mg N/L"
"20","gtmssnut1.1",2018-02-13 10:51:00,"Kjeldahl Nitrogen",0.16,"mg N/L"
"21","gtmssnut1.2",2018-02-13 10:53:00,"Kjeldahl Nitrogen",0.16,"mg N/L"
"22","gtmfmnut1.1",2018-03-27 11:04:00,"Kjeldahl Nitrogen",0.16,"mg N/L"
"23","gtmfmnut1.2",2018-03-27 11:06:00,"Kjeldahl Nitrogen",0.16,"mg N/L"
"24","gtmpcnut1.1",2018-03-27 11:01:00,"Kjeldahl Nitrogen",0.16,"mg N/L"
"25","gtmpcnut1.2",2018-03-27 11:06:00,"Kjeldahl Nitrogen",0.16,"mg N/L"
"26","gtmpcnut2.1",2018-03-26 09:30:00,"Kjeldahl Nitrogen",0.16,"mg N/L"
"27","gtmpcnut2.10",2018-03-27 08:00:00,"Kjeldahl Nitrogen",0.16,"mg N/L"
"28","gtmpcnut2.11",2018-03-27 10:30:00,"Kjeldahl Nitrogen",0.16,"mg N/L"
"29","gtmpcnut2.2",2018-03-26 12:00:00,"Kjeldahl Nitrogen",0.16,"mg N/L"
"30","gtmpcnut2.3",2018-03-26 14:30:00,"Kjeldahl Nitrogen",0.16,"mg N/L"
"31","gtmpcnut2.4",2018-03-26 17:00:00,"Kjeldahl Nitrogen",0.16,"mg N/L"
"32","gtmpcnut2.5",2018-03-26 19:30:00,"Kjeldahl Nitrogen",0.16,"mg N/L"
"33","gtmpcnut2.6",2018-03-26 22:00:00,"Kjeldahl Nitrogen",0.16,"mg N/L"
"34","gtmpcnut2.7",2018-03-27 00:30:00,"Kjeldahl Nitrogen",0.16,"mg N/L"
"35","gtmpcnut2.8",2018-03-27 03:00:00,"Kjeldahl Nitrogen",0.16,"mg N/L"
"36","gtmpcnut2.9",2018-03-27 05:30:00,"Kjeldahl Nitrogen",0.16,"mg N/L"
"37","gtmpinut1.1",2018-03-27 08:17:00,"Kjeldahl Nitrogen",0.16,"mg N/L"
"38","gtmpinut1.2",2018-03-27 08:20:00,"Kjeldahl Nitrogen",0.16,"mg N/L"
"39","gtmssnut1.1",2018-03-27 09:54:00,"Kjeldahl Nitrogen",0.16,"mg N/L"
"40","gtmssnut1.2",2018-03-27 09:56:00,"Kjeldahl Nitrogen",0.16,"mg N/L"
"41","gtmfmnut1.1",2018-04-25 10:15:00,"Kjeldahl Nitrogen",0.16,"mg N/L"
"42","gtmfmnut1.2",2018-04-25 10:17:00,"Kjeldahl Nitrogen",0.16,"mg N/L"
"43","gtmpcnut2.10",2018-04-25 08:00:00,"Kjeldahl Nitrogen",0.16,"mg N/L"
"44","gtmpcnut2.11",2018-04-25 10:30:00,"Kjeldahl Nitrogen",0.16,"mg N/L"
"45","gtmpcnut2.2",2018-04-24 12:00:00,"Kjeldahl Nitrogen",0.16,"mg N/L"
"46","gtmpcnut2.4",2018-04-24 17:00:00,"Kjeldahl Nitrogen",0.16,"mg N/L"
"47","gtmpcnut2.5",2018-04-24 19:30:00,"Kjeldahl Nitrogen",0.16,"mg N/L"
"48","gtmpcnut2.6",2018-04-24 22:00:00,"Kjeldahl Nitrogen",0.16,"mg N/L"
"49","gtmpcnut2.7",2018-04-25 00:30:00,"Kjeldahl Nitrogen",0.16,"mg N/L"
"50","gtmpcnut2.9",2018-04-25 05:30:00,"Kjeldahl Nitrogen",0.16,"mg N/L"
"51","gtmpcnut1.1",2018-04-25 09:33:00,"Kjeldahl Nitrogen",0.16,"mg N/L"
"52","gtmpcnut1.2",2018-04-25 09:37:00,"Kjeldahl Nitrogen",0.16,"mg N/L"
"53","gtmpcnut2.1",2018-04-24 09:30:00,"Kjeldahl Nitrogen",0.16,"mg N/L"
"54","gtmpinut1.1",2018-04-25 08:00:00,"Kjeldahl Nitrogen",0.16,"mg N/L"
"55","gtmpinut1.2",2018-04-25 08:02:00,"Kjeldahl Nitrogen",0.16,"mg N/L"
"56","gtmssnut1.1",2018-04-25 09:10:00,"Kjeldahl Nitrogen",0.16,"mg N/L"
"57","gtmssnut1.2",2018-04-25 09:13:00,"Kjeldahl Nitrogen",0.16,"mg N/L"
"58","gtmfmnut1.1",2018-05-29 13:27:00,"Kjeldahl Nitrogen",0.16,"mg N/L"
"59","gtmfmnut1.2",2018-05-29 13:30:00,"Kjeldahl Nitrogen",0.16,"mg N/L"
"60","gtmpinut1.1",2018-05-29 10:23:00,"Kjeldahl Nitrogen",0.16,"mg N/L"
"61","gtmpinut1.2",2018-05-29 10:24:00,"Kjeldahl Nitrogen",0.16,"mg N/L"
"62","gtmssnut1.1",2018-05-29 11:39:00,"Kjeldahl Nitrogen",0.16,"mg N/L"
"63","gtmssnut1.2",2018-05-29 11:43:00,"Kjeldahl Nitrogen",0.16,"mg N/L"
"64","gtmfmnut1.1",2018-06-12 11:50:00,"Kjeldahl Nitrogen",0.16,"mg N/L"
"65","gtmfmnut1.2",2018-06-12 11:53:00,"Kjeldahl Nitrogen",0.16,"mg N/L"
"66","gtmpcnut2.6",2018-06-11 22:00:00,"Kjeldahl Nitrogen",0.16,"mg N/L"
"67","gtmpinut1.2",2018-06-12 09:39:00,"Kjeldahl Nitrogen",0.16,"mg N/L"
"68","gtmpinut1.1",2018-06-12 09:36:00,"Kjeldahl Nitrogen",0.16,"mg N/L"
"69","gtmssnut1.1",2018-06-12 10:42:00,"Kjeldahl Nitrogen",0.16,"mg N/L"
"70","gtmssnut1.2",2018-06-12 10:44:00,"Kjeldahl Nitrogen",0.16,"mg N/L"
"71","gtmfmnut1.1",2018-07-24 11:48:00,"Kjeldahl Nitrogen",0.16,"mg N/L"
"72","gtmfmnut1.2",2018-07-24 11:50:00,"Kjeldahl Nitrogen",0.16,"mg N/L"
"73","gtmpcnut1.1",2018-07-24 10:29:00,"Kjeldahl Nitrogen",0.16,"mg N/L"
"74","gtmpcnut1.2",2018-07-24 10:32:00,"Kjeldahl Nitrogen",0.16,"mg N/L"
"75","gtmpcnut2.1",2018-07-23 09:30:00,"Kjeldahl Nitrogen",0.16,"mg N/L"
"76","gtmpcnut2.10",2018-07-24 08:00:00,"Kjeldahl Nitrogen",0.16,"mg N/L"
"77","gtmpcnut2.11",2018-07-24 10:30:00,"Kjeldahl Nitrogen",0.16,"mg N/L"
"78","gtmpcnut2.2",2018-07-23 12:00:00,"Kjeldahl Nitrogen",0.16,"mg N/L"
"79","gtmpcnut2.3",2018-07-23 14:30:00,"Kjeldahl Nitrogen",0.16,"mg N/L"
"80","gtmpcnut2.4",2018-07-23 17:00:00,"Kjeldahl Nitrogen",0.16,"mg N/L"
"81","gtmpcnut2.5",2018-07-23 19:30:00,"Kjeldahl Nitrogen",0.16,"mg N/L"
"82","gtmpcnut2.6",2018-07-23 22:00:00,"Kjeldahl Nitrogen",0.16,"mg N/L"
"83","gtmpcnut2.7",2018-07-24 00:30:00,"Kjeldahl Nitrogen",0.16,"mg N/L"
"84","gtmpcnut2.8",2018-07-24 03:00:00,"Kjeldahl Nitrogen",0.16,"mg N/L"
"85","gtmpcnut2.9",2018-07-24 05:30:00,"Kjeldahl Nitrogen",0.16,"mg N/L"
"86","gtmpinut1.1",2018-07-24 09:17:00,"Kjeldahl Nitrogen",0.16,"mg N/L"
"87","gtmpinut1.2",2018-07-24 09:19:00,"Kjeldahl Nitrogen",0.16,"mg N/L"
"88","gtmssnut1.1",2018-07-24 10:41:00,"Kjeldahl Nitrogen",0.16,"mg N/L"
"89","gtmssnut1.2",2018-07-24 10:45:00,"Kjeldahl Nitrogen",0.16,"mg N/L"
"90","gtmfmnut1.1",2018-08-07 10:06:00,"Kjeldahl Nitrogen",0.16,"mg N/L"
"91","gtmfmnut1.2",2018-08-07 10:08:00,"Kjeldahl Nitrogen",0.16,"mg N/L"
"92","gtmpinut1.1",2018-08-07 07:38:00,"Kjeldahl Nitrogen",0.16,"mg N/L"
"93","gtmpinut1.2",2018-08-07 07:39:00,"Kjeldahl Nitrogen",0.16,"mg N/L"
"94","gtmssnut1.1",2018-08-07 08:58:00,"Kjeldahl Nitrogen",0.16,"mg N/L"
"95","gtmssnut1.2",2018-08-07 08:59:00,"Kjeldahl Nitrogen",0.16,"mg N/L"
"96","gtmfmnut1.1",2018-09-05 09:40:00,"Kjeldahl Nitrogen",0.16,"mg N/L"
"97","gtmfmnut1.2",2018-09-05 09:46:00,"Kjeldahl Nitrogen",0.16,"mg N/L"
"98","gtmpcnut2.10",2018-09-05 08:00:00,"Kjeldahl Nitrogen",0.16,"mg N/L"
"99","gtmpcnut2.4",2018-09-04 17:00:00,"Kjeldahl Nitrogen",0.16,"mg N/L"
"100","gtmpcnut2.5",2018-09-04 19:30:00,"Kjeldahl Nitrogen",0.16,"mg N/L"
"101","gtmpcnut2.6",2018-09-04 22:00:00,"Kjeldahl Nitrogen",0.16,"mg N/L"
"102","gtmpinut1.1",2018-09-05 07:26:00,"Kjeldahl Nitrogen",0.16,"mg N/L"
"103","gtmpinut1.2",2018-09-05 07:30:00,"Kjeldahl Nitrogen",0.16,"mg N/L"
"104","gtmssnut1.1",2018-09-05 08:37:00,"Kjeldahl Nitrogen",0.16,"mg N/L"
"105","gtmssnut1.2",2018-09-05 08:43:00,"Kjeldahl Nitrogen",0.16,"mg N/L"
"106","gtmfmnut1.1",2018-10-23 09:09:00,"Kjeldahl Nitrogen",0.16,"mg N/L"
"107","gtmfmnut1.2",2018-10-23 09:13:00,"Kjeldahl Nitrogen",0.16,"mg N/L"
"108","gtmpcnut1.1",2018-10-23 11:54:00,"Kjeldahl Nitrogen",0.16,"mg N/L"
"109","gtmpcnut1.2",2018-10-23 11:57:00,"Kjeldahl Nitrogen",0.16,"mg N/L"
"110","gtmpcnut2.1",2018-10-22 09:30:00,"Kjeldahl Nitrogen",0.16,"mg N/L"
"111","gtmpcnut2.10",2018-10-23 08:00:00,"Kjeldahl Nitrogen",0.16,"mg N/L"
"112","gtmpcnut2.11",2018-10-23 10:30:00,"Kjeldahl Nitrogen",0.16,"mg N/L"
"113","gtmpcnut2.2",2018-10-22 12:00:00,"Kjeldahl Nitrogen",0.16,"mg N/L"
"114","gtmpcnut2.3",2018-10-22 14:30:00,"Kjeldahl Nitrogen",0.16,"mg N/L"
"115","gtmpcnut2.4",2018-10-22 17:00:00,"Kjeldahl Nitrogen",0.16,"mg N/L"
"116","gtmpcnut2.5",2018-10-22 19:30:00,"Kjeldahl Nitrogen",0.16,"mg N/L"
"117","gtmpcnut2.6",2018-10-22 22:00:00,"Kjeldahl Nitrogen",0.16,"mg N/L"
"118","gtmpcnut2.7",2018-10-23 00:30:00,"Kjeldahl Nitrogen",0.16,"mg N/L"
"119","gtmpcnut2.8",2018-10-23 03:00:00,"Kjeldahl Nitrogen",0.16,"mg N/L"
"120","gtmpcnut2.9",2018-10-23 05:30:00,"Kjeldahl Nitrogen",0.16,"mg N/L"
"121","gtmpinut1.1",2018-10-23 11:34:00,"Kjeldahl Nitrogen",0.16,"mg N/L"
"122","gtmpinut1.2",2018-10-23 11:36:00,"Kjeldahl Nitrogen",0.16,"mg N/L"
"123","gtmssnut1.1",2018-10-23 10:21:00,"Kjeldahl Nitrogen",0.16,"mg N/L"
"124","gtmssnut1.2",2018-10-23 10:22:00,"Kjeldahl Nitrogen",0.16,"mg N/L"
"125","gtmfmnut1.1",2018-11-06 11:37:00,"Kjeldahl Nitrogen",0.16,"mg N/L"
"126","gtmfmnut1.2",2018-11-06 11:38:00,"Kjeldahl Nitrogen",0.16,"mg N/L"
"127","gtmpcnut1.1",2018-11-06 11:00:00,"Kjeldahl Nitrogen",0.16,"mg N/L"
"128","gtmpcnut1.2",2018-11-06 11:03:00,"Kjeldahl Nitrogen",0.16,"mg N/L"
"129","gtmpcnut2.1",2018-11-05 09:30:00,"Kjeldahl Nitrogen",0.16,"mg N/L"
"130","gtmpcnut2.10",2018-11-06 08:00:00,"Kjeldahl Nitrogen",0.16,"mg N/L"
"131","gtmpcnut2.11",2018-11-06 10:30:00,"Kjeldahl Nitrogen",0.16,"mg N/L"
"132","gtmpcnut2.2",2018-11-05 12:00:00,"Kjeldahl Nitrogen",0.16,"mg N/L"
"133","gtmpcnut2.3",2018-11-05 14:30:00,"Kjeldahl Nitrogen",0.16,"mg N/L"
"134","gtmpcnut2.4",2018-11-05 17:00:00,"Kjeldahl Nitrogen",0.16,"mg N/L"
"135","gtmpcnut2.5",2018-11-05 19:30:00,"Kjeldahl Nitrogen",0.16,"mg N/L"
"136","gtmpcnut2.6",2018-11-05 22:00:00,"Kjeldahl Nitrogen",0.16,"mg N/L"
"137","gtmpcnut2.7",2018-11-06 00:30:00,"Kjeldahl Nitrogen",0.16,"mg N/L"
"138","gtmpcnut2.8",2018-11-06 03:00:00,"Kjeldahl Nitrogen",0.16,"mg N/L"
"139","gtmpinut1.1",2018-11-06 09:23:00,"Kjeldahl Nitrogen",0.16,"mg N/L"
"140","gtmpinut1.2",2018-11-06 09:26:00,"Kjeldahl Nitrogen",0.16,"mg N/L"
"141","gtmssnut1.1",2018-11-06 10:30:00,"Kjeldahl Nitrogen",0.16,"mg N/L"
"142","gtmssnut1.2",2018-11-06 10:31:00,"Kjeldahl Nitrogen",0.16,"mg N/L"
"143","gtmfmnut1.1",2018-12-04 10:55:00,"Kjeldahl Nitrogen",0.16,"mg N/L"
"144","gtmfmnut1.2",2018-12-04 10:57:00,"Kjeldahl Nitrogen",0.16,"mg N/L"
"145","gtmpcnut1.1",2018-12-04 10:16:00,"Kjeldahl Nitrogen",0.16,"mg N/L"
"146","gtmpcnut1.2",2018-12-04 10:19:00,"Kjeldahl Nitrogen",0.16,"mg N/L"
"147","gtmpcnut2.1",2018-12-03 09:30:00,"Kjeldahl Nitrogen",0.16,"mg N/L"
"148","gtmpcnut2.10",2018-12-04 08:00:00,"Kjeldahl Nitrogen",0.16,"mg N/L"
"149","gtmpcnut2.11",2018-12-04 10:30:00,"Kjeldahl Nitrogen",0.16,"mg N/L"
"150","gtmpcnut2.2",2018-12-03 12:00:00,"Kjeldahl Nitrogen",0.16,"mg N/L"
"151","gtmpcnut2.3",2018-12-03 14:30:00,"Kjeldahl Nitrogen",0.16,"mg N/L"
"152","gtmpcnut2.4",2018-12-03 17:00:00,"Kjeldahl Nitrogen",0.16,"mg N/L"
"153","gtmpcnut2.5",2018-12-03 19:30:00,"Kjeldahl Nitrogen",0.16,"mg N/L"
"154","gtmpcnut2.6",2018-12-03 22:00:00,"Kjeldahl Nitrogen",0.16,"mg N/L"
"155","gtmpcnut2.7",2018-12-04 00:30:00,"Kjeldahl Nitrogen",0.16,"mg N/L"
"156","gtmpcnut2.8",2018-12-04 03:00:00,"Kjeldahl Nitrogen",0.16,"mg N/L"
"157","gtmpcnut2.9",2018-12-04 05:30:00,"Kjeldahl Nitrogen",0.16,"mg N/L"
"158","gtmpinut1.1",2018-12-04 08:31:00,"Kjeldahl Nitrogen",0.16,"mg N/L"
"159","gtmpinut1.2",2018-12-04 08:33:00,"Kjeldahl Nitrogen",0.16,"mg N/L"
"160","gtmssnut1.1",2018-12-04 09:45:00,"Kjeldahl Nitrogen",0.16,"mg N/L"
"161","gtmssnut1.2",2018-12-04 09:47:00,"Kjeldahl Nitrogen",0.16,"mg N/L"
"162","gtmfmnut1.1",2018-01-16 12:56:00,"Kjeldahl Nitrogen Filtered",0.16,"mg N/L"
"163","gtmfmnut1.2",2018-01-16 12:58:00,"Kjeldahl Nitrogen Filtered",0.16,"mg N/L"
"164","gtmpcnut1.1",2018-01-16 10:54:00,"Kjeldahl Nitrogen Filtered",0.16,"mg N/L"
"165","gtmpcnut1.2",2018-01-16 10:57:00,"Kjeldahl Nitrogen Filtered",0.16,"mg N/L"
"166","gtmpinut1.1",2018-01-16 10:23:00,"Kjeldahl Nitrogen Filtered",0.16,"mg N/L"
"167","gtmpinut1.2",2018-01-16 10:26:00,"Kjeldahl Nitrogen Filtered",0.16,"mg N/L"
"168","gtmssnut1.1",2018-01-16 11:38:00,"Kjeldahl Nitrogen Filtered",0.16,"mg N/L"
"169","gtmssnut1.2",2018-01-16 11:40:00,"Kjeldahl Nitrogen Filtered",0.16,"mg N/L"
"170","gtmfmnut1.1",2018-02-13 12:23:00,"Kjeldahl Nitrogen Filtered",0.16,"mg N/L"
"171","gtmfmnut1.2",2018-02-13 12:25:00,"Kjeldahl Nitrogen Filtered",0.16,"mg N/L"
"172","gtmpinut1.1",2018-02-13 09:13:00,"Kjeldahl Nitrogen Filtered",0.16,"mg N/L"
"173","gtmpinut1.2",2018-02-13 09:15:00,"Kjeldahl Nitrogen Filtered",0.16,"mg N/L"
"174","gtmssnut1.1",2018-02-13 10:51:00,"Kjeldahl Nitrogen Filtered",0.16,"mg N/L"
"175","gtmssnut1.2",2018-02-13 10:53:00,"Kjeldahl Nitrogen Filtered",0.16,"mg N/L"
"176","gtmfmnut1.1",2018-03-27 11:04:00,"Kjeldahl Nitrogen Filtered",0.16,"mg N/L"
"177","gtmfmnut1.2",2018-03-27 11:06:00,"Kjeldahl Nitrogen Filtered",0.16,"mg N/L"
"178","gtmpcnut1.1",2018-03-27 11:01:00,"Kjeldahl Nitrogen Filtered",0.16,"mg N/L"
"179","gtmpcnut1.2",2018-03-27 11:06:00,"Kjeldahl Nitrogen Filtered",0.16,"mg N/L"
"180","gtmpcnut2.1",2018-03-26 09:30:00,"Kjeldahl Nitrogen Filtered",0.16,"mg N/L"
"181","gtmpinut1.1",2018-03-27 08:17:00,"Kjeldahl Nitrogen Filtered",0.16,"mg N/L"
"182","gtmpinut1.2",2018-03-27 08:20:00,"Kjeldahl Nitrogen Filtered",0.16,"mg N/L"
"183","gtmssnut1.1",2018-03-27 09:54:00,"Kjeldahl Nitrogen Filtered",0.16,"mg N/L"
"184","gtmssnut1.2",2018-03-27 09:56:00,"Kjeldahl Nitrogen Filtered",0.16,"mg N/L"
"185","gtmfmnut1.1",2018-04-25 10:15:00,"Kjeldahl Nitrogen Filtered",0.16,"mg N/L"
"186","gtmfmnut1.2",2018-04-25 10:17:00,"Kjeldahl Nitrogen Filtered",0.16,"mg N/L"
"187","gtmpcnut1.1",2018-04-25 09:33:00,"Kjeldahl Nitrogen Filtered",0.16,"mg N/L"
"188","gtmpcnut1.2",2018-04-25 09:37:00,"Kjeldahl Nitrogen Filtered",0.16,"mg N/L"
"189","gtmpcnut2.1",2018-04-24 09:30:00,"Kjeldahl Nitrogen Filtered",0.16,"mg N/L"
"190","gtmpinut1.1",2018-04-25 08:00:00,"Kjeldahl Nitrogen Filtered",0.16,"mg N/L"
"191","gtmpinut1.2",2018-04-25 08:02:00,"Kjeldahl Nitrogen Filtered",0.16,"mg N/L"
"192","gtmssnut1.1",2018-04-25 09:10:00,"Kjeldahl Nitrogen Filtered",0.16,"mg N/L"
"193","gtmssnut1.2",2018-04-25 09:13:00,"Kjeldahl Nitrogen Filtered",0.16,"mg N/L"
"194","gtmfmnut1.1",2018-05-29 13:27:00,"Kjeldahl Nitrogen Filtered",0.16,"mg N/L"
"195","gtmfmnut1.2",2018-05-29 13:30:00,"Kjeldahl Nitrogen Filtered",0.16,"mg N/L"
"196","gtmpcnut1.1",2018-05-29 11:59:00,"Kjeldahl Nitrogen Filtered",0.16,"mg N/L"
"197","gtmpinut1.1",2018-05-29 10:23:00,"Kjeldahl Nitrogen Filtered",0.16,"mg N/L"
"198","gtmpinut1.2",2018-05-29 10:24:00,"Kjeldahl Nitrogen Filtered",0.16,"mg N/L"
"199","gtmssnut1.1",2018-05-29 11:39:00,"Kjeldahl Nitrogen Filtered",0.16,"mg N/L"
"200","gtmssnut1.2",2018-05-29 11:43:00,"Kjeldahl Nitrogen Filtered",0.16,"mg N/L"
"201","gtmfmnut1.1",2018-06-12 11:50:00,"Kjeldahl Nitrogen Filtered",0.16,"mg N/L"
"202","gtmfmnut1.2",2018-06-12 11:53:00,"Kjeldahl Nitrogen Filtered",0.16,"mg N/L"
"203","gtmpinut1.2",2018-06-12 09:39:00,"Kjeldahl Nitrogen Filtered",0.16,"mg N/L"
"204","gtmpinut1.1",2018-06-12 09:36:00,"Kjeldahl Nitrogen Filtered",0.16,"mg N/L"
"205","gtmssnut1.1",2018-06-12 10:42:00,"Kjeldahl Nitrogen Filtered",0.16,"mg N/L"
"206","gtmssnut1.2",2018-06-12 10:44:00,"Kjeldahl Nitrogen Filtered",0.16,"mg N/L"
"207","gtmfmnut1.1",2018-07-24 11:48:00,"Kjeldahl Nitrogen Filtered",0.16,"mg N/L"
"208","gtmfmnut1.2",2018-07-24 11:50:00,"Kjeldahl Nitrogen Filtered",0.16,"mg N/L"
"209","gtmpcnut1.1",2018-07-24 10:29:00,"Kjeldahl Nitrogen Filtered",0.16,"mg N/L"
"210","gtmpcnut1.2",2018-07-24 10:32:00,"Kjeldahl Nitrogen Filtered",0.16,"mg N/L"
"211","gtmpcnut2.1",2018-07-23 09:30:00,"Kjeldahl Nitrogen Filtered",0.16,"mg N/L"
"212","gtmpinut1.1",2018-07-24 09:17:00,"Kjeldahl Nitrogen Filtered",0.16,"mg N/L"
"213","gtmpinut1.2",2018-07-24 09:19:00,"Kjeldahl Nitrogen Filtered",0.16,"mg N/L"
"214","gtmssnut1.1",2018-07-24 10:41:00,"Kjeldahl Nitrogen Filtered",0.16,"mg N/L"
"215","gtmssnut1.2",2018-07-24 10:45:00,"Kjeldahl Nitrogen Filtered",0.16,"mg N/L"
"216","gtmfmnut1.1",2018-08-07 10:06:00,"Kjeldahl Nitrogen Filtered",0.16,"mg N/L"
"217","gtmfmnut1.2",2018-08-07 10:08:00,"Kjeldahl Nitrogen Filtered",0.16,"mg N/L"
"218","gtmpinut1.1",2018-08-07 07:38:00,"Kjeldahl Nitrogen Filtered",0.16,"mg N/L"
"219","gtmpinut1.2",2018-08-07 07:39:00,"Kjeldahl Nitrogen Filtered",0.16,"mg N/L"
"220","gtmssnut1.1",2018-08-07 08:58:00,"Kjeldahl Nitrogen Filtered",0.16,"mg N/L"
"221","gtmssnut1.2",2018-08-07 08:59:00,"Kjeldahl Nitrogen Filtered",0.16,"mg N/L"
"222","gtmfmnut1.1",2018-09-05 09:40:00,"Kjeldahl Nitrogen Filtered",0.16,"mg N/L"
"223","gtmfmnut1.2",2018-09-05 09:46:00,"Kjeldahl Nitrogen Filtered",0.16,"mg N/L"
"224","gtmpinut1.1",2018-09-05 07:26:00,"Kjeldahl Nitrogen Filtered",0.16,"mg N/L"
"225","gtmpinut1.2",2018-09-05 07:30:00,"Kjeldahl Nitrogen Filtered",0.16,"mg N/L"
"226","gtmssnut1.1",2018-09-05 08:37:00,"Kjeldahl Nitrogen Filtered",0.16,"mg N/L"
"227","gtmssnut1.2",2018-09-05 08:43:00,"Kjeldahl Nitrogen Filtered",0.16,"mg N/L"
"228","gtmfmnut1.1",2018-10-23 09:09:00,"Kjeldahl Nitrogen Filtered",0.16,"mg N/L"
"229","gtmfmnut1.2",2018-10-23 09:13:00,"Kjeldahl Nitrogen Filtered",0.16,"mg N/L"
"230","gtmpcnut1.1",2018-10-23 11:54:00,"Kjeldahl Nitrogen Filtered",0.16,"mg N/L"
"231","gtmpcnut1.2",2018-10-23 11:57:00,"Kjeldahl Nitrogen Filtered",0.16,"mg N/L"
"232","gtmpcnut2.1",2018-10-22 09:30:00,"Kjeldahl Nitrogen Filtered",0.16,"mg N/L"
"233","gtmpinut1.1",2018-10-23 11:34:00,"Kjeldahl Nitrogen Filtered",0.16,"mg N/L"
"234","gtmpinut1.2",2018-10-23 11:36:00,"Kjeldahl Nitrogen Filtered",0.16,"mg N/L"
"235","gtmssnut1.1",2018-10-23 10:21:00,"Kjeldahl Nitrogen Filtered",0.16,"mg N/L"
"236","gtmssnut1.2",2018-10-23 10:22:00,"Kjeldahl Nitrogen Filtered",0.16,"mg N/L"
"237","gtmfmnut1.1",2018-11-06 11:37:00,"Kjeldahl Nitrogen Filtered",0.16,"mg N/L"
"238","gtmfmnut1.2",2018-11-06 11:38:00,"Kjeldahl Nitrogen Filtered",0.16,"mg N/L"
"239","gtmpcnut1.1",2018-11-06 11:00:00,"Kjeldahl Nitrogen Filtered",0.16,"mg N/L"
"240","gtmpcnut1.2",2018-11-06 11:03:00,"Kjeldahl Nitrogen Filtered",0.16,"mg N/L"
"241","gtmpcnut2.1",2018-11-05 09:30:00,"Kjeldahl Nitrogen Filtered",0.16,"mg N/L"
"242","gtmpinut1.1",2018-11-06 09:23:00,"Kjeldahl Nitrogen Filtered",0.16,"mg N/L"
"243","gtmpinut1.2",2018-11-06 09:26:00,"Kjeldahl Nitrogen Filtered",0.16,"mg N/L"
"244","gtmssnut1.1",2018-11-06 10:30:00,"Kjeldahl Nitrogen Filtered",0.16,"mg N/L"
"245","gtmssnut1.2",2018-11-06 10:31:00,"Kjeldahl Nitrogen Filtered",0.16,"mg N/L"
"246","gtmfmnut1.1",2018-12-04 10:55:00,"Kjeldahl Nitrogen Filtered",0.16,"mg N/L"
"247","gtmfmnut1.2",2018-12-04 10:57:00,"Kjeldahl Nitrogen Filtered",0.16,"mg N/L"
"248","gtmpcnut1.1",2018-12-04 10:16:00,"Kjeldahl Nitrogen Filtered",0.16,"mg N/L"
"249","gtmpcnut1.2",2018-12-04 10:19:00,"Kjeldahl Nitrogen Filtered",0.16,"mg N/L"
"250","gtmpcnut2.1",2018-12-03 09:30:00,"Kjeldahl Nitrogen Filtered",0.16,"mg N/L"
"251","gtmpinut1.1",2018-12-04 08:31:00,"Kjeldahl Nitrogen Filtered",0.16,"mg N/L"
"252","gtmpinut1.2",2018-12-04 08:33:00,"Kjeldahl Nitrogen Filtered",0.16,"mg N/L"
"253","gtmssnut1.1",2018-12-04 09:45:00,"Kjeldahl Nitrogen Filtered",0.16,"mg N/L"
"254","gtmssnut1.2",2018-12-04 09:47:00,"Kjeldahl Nitrogen Filtered",0.16,"mg N/L"
"255","gtmpcnut2.1",2018-01-15 09:30:00,"Nitrite-N",0.003,"mg N/L"
"256","gtmpcnut2.10",2018-01-16 08:00:00,"Nitrite-N",0.003,"mg N/L"
"257","gtmpcnut2.3",2018-01-15 14:30:00,"Nitrite-N",0.003,"mg N/L"
"258","gtmpcnut2.4",2018-01-15 17:00:00,"Nitrite-N",0.003,"mg N/L"
"259","gtmpcnut2.5",2018-01-15 19:30:00,"Nitrite-N",0.003,"mg N/L"
"260","gtmpcnut2.6",2018-01-15 22:00:00,"Nitrite-N",0.003,"mg N/L"
"261","gtmpcnut2.7",2018-01-16 00:30:00,"Nitrite-N",0.003,"mg N/L"
"262","gtmpcnut2.8",2018-01-16 03:00:00,"Nitrite-N",0.003,"mg N/L"
"263","gtmpcnut1.1",2018-02-13 10:59:00,"Nitrite-N",0.003,"mg N/L"
"264","gtmpcnut1.2",2018-02-13 11:03:00,"Nitrite-N",0.003,"mg N/L"
"265","gtmpcnut2.1",2018-02-12 09:30:00,"Nitrite-N",0.003,"mg N/L"
"266","gtmpcnut2.10",2018-02-13 08:00:00,"Nitrite-N",0.003,"mg N/L"
"267","gtmpcnut2.11",2018-02-13 10:30:00,"Nitrite-N",0.003,"mg N/L"
"268","gtmpcnut2.2",2018-02-12 12:00:00,"Nitrite-N",0.003,"mg N/L"
"269","gtmpcnut2.3",2018-02-12 14:30:00,"Nitrite-N",0.003,"mg N/L"
"270","gtmpcnut2.4",2018-02-12 17:00:00,"Nitrite-N",0.003,"mg N/L"
"271","gtmpcnut2.5",2018-02-12 19:30:00,"Nitrite-N",0.003,"mg N/L"
"272","gtmpcnut2.6",2018-02-12 22:00:00,"Nitrite-N",0.003,"mg N/L"
"273","gtmpcnut2.7",2018-02-13 00:30:00,"Nitrite-N",0.003,"mg N/L"
"274","gtmpcnut2.9",2018-02-13 05:30:00,"Nitrite-N",0.003,"mg N/L"
"275","gtmpcnut2.3",2018-04-24 14:30:00,"Nitrite-N",0.003,"mg N/L"
"276","gtmpcnut2.8",2018-04-25 03:00:00,"Nitrite-N",0.003,"mg N/L"
"277","gtmpcnut1.1",2018-05-29 11:59:00,"Nitrite-N",0.003,"mg N/L"
"278","gtmpcnut1.2",2018-05-29 12:03:00,"Nitrite-N",0.003,"mg N/L"
"279","gtmpcnut2.1",2018-05-28 09:30:00,"Nitrite-N",0.003,"mg N/L"
"280","gtmpcnut2.10",2018-05-29 08:00:00,"Nitrite-N",0.003,"mg N/L"
"281","gtmpcnut2.11",2018-05-29 10:30:00,"Nitrite-N",0.003,"mg N/L"
"282","gtmpcnut2.2",2018-05-28 12:00:00,"Nitrite-N",0.003,"mg N/L"
"283","gtmpcnut2.3",2018-05-28 14:30:00,"Nitrite-N",0.003,"mg N/L"
"284","gtmpcnut2.4",2018-05-28 17:00:00,"Nitrite-N",0.003,"mg N/L"
"285","gtmpcnut2.5",2018-05-28 19:30:00,"Nitrite-N",0.003,"mg N/L"
"286","gtmpcnut2.6",2018-05-28 22:00:00,"Nitrite-N",0.003,"mg N/L"
"287","gtmpcnut2.7",2018-05-29 00:30:00,"Nitrite-N",0.003,"mg N/L"
"288","gtmpcnut2.8",2018-05-29 03:00:00,"Nitrite-N",0.003,"mg N/L"
"289","gtmpcnut2.9",2018-05-29 05:30:00,"Nitrite-N",0.003,"mg N/L"
"290","gtmpcnut1.1",2018-06-12 10:30:00,"Nitrite-N",0.003,"mg N/L"
"291","gtmpcnut1.2",2018-06-12 10:33:00,"Nitrite-N",0.003,"mg N/L"
"292","gtmpcnut2.1",2018-06-11 09:30:00,"Nitrite-N",0.003,"mg N/L"
"293","gtmpcnut2.10",2018-06-12 08:00:00,"Nitrite-N",0.003,"mg N/L"
"294","gtmpcnut2.11",2018-06-12 10:30:00,"Nitrite-N",0.003,"mg N/L"
"295","gtmpcnut2.2",2018-06-11 12:00:00,"Nitrite-N",0.003,"mg N/L"
"296","gtmpcnut2.3",2018-06-11 14:30:00,"Nitrite-N",0.003,"mg N/L"
"297","gtmpcnut2.4",2018-06-11 17:00:00,"Nitrite-N",0.003,"mg N/L"
"298","gtmpcnut2.5",2018-06-11 19:30:00,"Nitrite-N",0.003,"mg N/L"
"299","gtmpcnut2.7",2018-06-12 00:30:00,"Nitrite-N",0.003,"mg N/L"
"300","gtmpcnut2.8",2018-06-12 03:00:00,"Nitrite-N",0.003,"mg N/L"
"301","gtmpcnut2.9",2018-06-12 05:30:00,"Nitrite-N",0.003,"mg N/L"
"302","gtmpcnut2.4",2018-07-23 17:00:00,"Nitrite-N",0.003,"mg N/L"
"303","gtmpcnut1.1",2018-08-07 09:54:00,"Nitrite-N",0.003,"mg N/L"
"304","gtmpcnut1.2",2018-08-07 09:56:00,"Nitrite-N",0.003,"mg N/L"
"305","gtmpcnut2.1",2018-08-06 09:30:00,"Nitrite-N",0.003,"mg N/L"
"306","gtmpcnut2.10",2018-08-07 08:00:00,"Nitrite-N",0.003,"mg N/L"
"307","gtmpcnut2.11",2018-08-07 10:30:00,"Nitrite-N",0.003,"mg N/L"
"308","gtmpcnut2.2",2018-08-06 12:00:00,"Nitrite-N",0.003,"mg N/L"
"309","gtmpcnut2.3",2018-08-06 14:30:00,"Nitrite-N",0.003,"mg N/L"
"310","gtmpcnut2.4",2018-08-06 17:00:00,"Nitrite-N",0.003,"mg N/L"
"311","gtmpcnut2.5",2018-08-06 19:30:00,"Nitrite-N",0.003,"mg N/L"
"312","gtmpcnut2.6",2018-08-06 22:00:00,"Nitrite-N",0.003,"mg N/L"
"313","gtmpcnut2.7",2018-08-07 00:30:00,"Nitrite-N",0.003,"mg N/L"
"314","gtmpcnut2.8",2018-08-07 03:00:00,"Nitrite-N",0.003,"mg N/L"
"315","gtmpcnut2.9",2018-08-07 05:30:00,"Nitrite-N",0.003,"mg N/L"
"316","gtmpcnut1.1",2018-09-05 09:37:00,"Nitrite-N",0.003,"mg N/L"
"317","gtmpcnut1.2",2018-09-05 09:41:00,"Nitrite-N",0.003,"mg N/L"
"318","gtmpcnut2.1",2018-09-04 09:30:00,"Nitrite-N",0.003,"mg N/L"
"319","gtmpcnut2.11",2018-09-05 10:30:00,"Nitrite-N",0.003,"mg N/L"
"320","gtmpcnut2.2",2018-09-04 12:00:00,"Nitrite-N",0.003,"mg N/L"
"321","gtmpcnut2.3",2018-09-04 14:30:00,"Nitrite-N",0.003,"mg N/L"
"322","gtmpcnut2.7",2018-09-05 00:30:00,"Nitrite-N",0.003,"mg N/L"
"323","gtmpcnut2.8",2018-09-05 03:00:00,"Nitrite-N",0.003,"mg N/L"
"324","gtmpcnut2.9",2018-09-05 05:30:00,"Nitrite-N",0.003,"mg N/L"
"325","gtmpcnut2.9",2018-11-06 05:30:00,"Nitrite-N",0.003,"mg N/L"
"326","gtmpinut1.1",2018-07-24 09:17:00,"Nitrate-N",0.082,"mg N/L"
"327","gtmpinut1.2",2018-07-24 09:19:00,"Nitrate-N",0.074,"mg N/L"
"328","gtmpinut1.1",2018-08-07 07:38:00,"Nitrate-N",0.091,"mg N/L"
"329","gtmpinut1.2",2018-08-07 07:39:00,"Nitrate-N",0.088,"mg N/L"
"330","gtmpinut1.1",2018-09-05 07:26:00,"Nitrate-N",0.078,"mg N/L"
"331","gtmpinut1.2",2018-09-05 07:30:00,"Nitrate-N",0.09,"mg N/L"
"332","gtmfmnut1.1",2018-01-16 12:56:00,"Total-P",0.004,"mg P/L"
"333","gtmfmnut1.2",2018-01-16 12:58:00,"Total-P",0.004,"mg P/L"
"334","gtmpcnut1.1",2018-01-16 10:54:00,"Total-P",0.004,"mg P/L"
"335","gtmpcnut1.2",2018-01-16 10:57:00,"Total-P",0.004,"mg P/L"
"336","gtmpcnut2.1",2018-01-15 09:30:00,"Total-P",0.004,"mg P/L"
"337","gtmpcnut2.10",2018-01-16 08:00:00,"Total-P",0.005,"mg P/L"
"338","gtmpcnut2.11",2018-01-16 10:30:00,"Total-P",0.004,"mg P/L"
"339","gtmpcnut2.2",2018-01-15 12:00:00,"Total-P",0.004,"mg P/L"
"340","gtmpcnut2.3",2018-01-15 14:30:00,"Total-P",0.005,"mg P/L"
"341","gtmpcnut2.4",2018-01-15 17:00:00,"Total-P",0.005,"mg P/L"
"342","gtmpcnut2.5",2018-01-15 19:30:00,"Total-P",0.005,"mg P/L"
"343","gtmpcnut2.6",2018-01-15 22:00:00,"Total-P",0.005,"mg P/L"
"344","gtmpcnut2.7",2018-01-16 00:30:00,"Total-P",0.005,"mg P/L"
"345","gtmpcnut2.8",2018-01-16 03:00:00,"Total-P",0.005,"mg P/L"
"346","gtmpcnut2.9",2018-01-16 05:30:00,"Total-P",0.005,"mg P/L"
"347","gtmpinut1.1",2018-01-16 10:23:00,"Total-P",0.004,"mg P/L"
"348","gtmpinut1.2",2018-01-16 10:26:00,"Total-P",0.004,"mg P/L"
"349","gtmssnut1.1",2018-01-16 11:38:00,"Total-P",0.004,"mg P/L"
"350","gtmssnut1.2",2018-01-16 11:40:00,"Total-P",0.004,"mg P/L"
"351","gtmfmnut1.1",2018-02-13 12:23:00,"Total-P",0.004,"mg P/L"
"352","gtmfmnut1.2",2018-02-13 12:25:00,"Total-P",0.004,"mg P/L"
"353","gtmpcnut1.1",2018-02-13 10:59:00,"Total-P",0.005,"mg P/L"
"354","gtmpcnut1.2",2018-02-13 11:03:00,"Total-P",0.005,"mg P/L"
"355","gtmpcnut2.1",2018-02-12 09:30:00,"Total-P",0.005,"mg P/L"
"356","gtmpcnut2.10",2018-02-13 08:00:00,"Total-P",0.005,"mg P/L"
"357","gtmpcnut2.11",2018-02-13 10:30:00,"Total-P",0.005,"mg P/L"
"358","gtmpcnut2.2",2018-02-12 12:00:00,"Total-P",0.005,"mg P/L"
"359","gtmpcnut2.3",2018-02-12 14:30:00,"Total-P",0.005,"mg P/L"
"360","gtmpcnut2.4",2018-02-12 17:00:00,"Total-P",0.005,"mg P/L"
"361","gtmpcnut2.5",2018-02-12 19:30:00,"Total-P",0.005,"mg P/L"
"362","gtmpcnut2.6",2018-02-12 22:00:00,"Total-P",0.005,"mg P/L"
"363","gtmpcnut2.7",2018-02-13 00:30:00,"Total-P",0.005,"mg P/L"
"364","gtmpcnut2.8",2018-02-13 03:00:00,"Total-P",0.004,"mg P/L"
"365","gtmpcnut2.9",2018-02-13 05:30:00,"Total-P",0.004,"mg P/L"
"366","gtmpinut1.1",2018-02-13 09:13:00,"Total-P",0.004,"mg P/L"
"367","gtmpinut1.2",2018-02-13 09:15:00,"Total-P",0.004,"mg P/L"
"368","gtmssnut1.1",2018-02-13 10:51:00,"Total-P",0.004,"mg P/L"
"369","gtmssnut1.2",2018-02-13 10:53:00,"Total-P",0.004,"mg P/L"
"370","gtmfmnut1.1",2018-03-27 11:04:00,"Total-P",0.004,"mg P/L"
"371","gtmfmnut1.2",2018-03-27 11:06:00,"Total-P",0.004,"mg P/L"
"372","gtmpcnut1.1",2018-03-27 11:01:00,"Total-P",0.004,"mg P/L"
"373","gtmpcnut1.2",2018-03-27 11:06:00,"Total-P",0.004,"mg P/L"
"374","gtmpcnut2.1",2018-03-26 09:30:00,"Total-P",0.004,"mg P/L"
"375","gtmpcnut2.10",2018-03-27 08:00:00,"Total-P",0.004,"mg P/L"
"376","gtmpcnut2.11",2018-03-27 10:30:00,"Total-P",0.004,"mg P/L"
"377","gtmpcnut2.2",2018-03-26 12:00:00,"Total-P",0.004,"mg P/L"
"378","gtmpcnut2.3",2018-03-26 14:30:00,"Total-P",0.004,"mg P/L"
"379","gtmpcnut2.4",2018-03-26 17:00:00,"Total-P",0.004,"mg P/L"
"380","gtmpcnut2.5",2018-03-26 19:30:00,"Total-P",0.004,"mg P/L"
"381","gtmpcnut2.6",2018-03-26 22:00:00,"Total-P",0.004,"mg P/L"
"382","gtmpcnut2.7",2018-03-27 00:30:00,"Total-P",0.004,"mg P/L"
"383","gtmpcnut2.8",2018-03-27 03:00:00,"Total-P",0.004,"mg P/L"
"384","gtmpcnut2.9",2018-03-27 05:30:00,"Total-P",0.004,"mg P/L"
"385","gtmpinut1.1",2018-03-27 08:17:00,"Total-P",0.004,"mg P/L"
"386","gtmpinut1.2",2018-03-27 08:20:00,"Total-P",0.004,"mg P/L"
"387","gtmssnut1.1",2018-03-27 09:54:00,"Total-P",0.004,"mg P/L"
"388","gtmssnut1.2",2018-03-27 09:56:00,"Total-P",0.004,"mg P/L"
"389","gtmfmnut1.1",2018-04-25 10:15:00,"Total-P",0.004,"mg P/L"
"390","gtmfmnut1.2",2018-04-25 10:17:00,"Total-P",0.004,"mg P/L"
"391","gtmpcnut2.10",2018-04-25 08:00:00,"Total-P",0.004,"mg P/L"
"392","gtmpcnut2.11",2018-04-25 10:30:00,"Total-P",0.004,"mg P/L"
"393","gtmpcnut2.2",2018-04-24 12:00:00,"Total-P",0.004,"mg P/L"
"394","gtmpcnut2.3",2018-04-24 14:30:00,"Total-P",0.005,"mg P/L"
"395","gtmpcnut2.4",2018-04-24 17:00:00,"Total-P",0.004,"mg P/L"
"396","gtmpcnut2.5",2018-04-24 19:30:00,"Total-P",0.004,"mg P/L"
"397","gtmpcnut2.6",2018-04-24 22:00:00,"Total-P",0.004,"mg P/L"
"398","gtmpcnut2.7",2018-04-25 00:30:00,"Total-P",0.004,"mg P/L"
"399","gtmpcnut2.8",2018-04-25 03:00:00,"Total-P",0.005,"mg P/L"
"400","gtmpcnut2.9",2018-04-25 05:30:00,"Total-P",0.004,"mg P/L"
"401","gtmpcnut1.1",2018-04-25 09:33:00,"Total-P",0.004,"mg P/L"
"402","gtmpcnut1.2",2018-04-25 09:37:00,"Total-P",0.004,"mg P/L"
"403","gtmpcnut2.1",2018-04-24 09:30:00,"Total-P",0.004,"mg P/L"
"404","gtmpinut1.1",2018-04-25 08:00:00,"Total-P",0.004,"mg P/L"
"405","gtmpinut1.2",2018-04-25 08:02:00,"Total-P",0.004,"mg P/L"
"406","gtmssnut1.1",2018-04-25 09:10:00,"Total-P",0.004,"mg P/L"
"407","gtmssnut1.2",2018-04-25 09:13:00,"Total-P",0.004,"mg P/L"
"408","gtmfmnut1.1",2018-05-29 13:27:00,"Total-P",0.004,"mg P/L"
"409","gtmfmnut1.2",2018-05-29 13:30:00,"Total-P",0.004,"mg P/L"
"410","gtmpcnut1.1",2018-05-29 11:59:00,"Total-P",0.005,"mg P/L"
"411","gtmpcnut1.2",2018-05-29 12:03:00,"Total-P",0.005,"mg P/L"
"412","gtmpcnut2.1",2018-05-28 09:30:00,"Total-P",0.005,"mg P/L"
"413","gtmpcnut2.10",2018-05-29 08:00:00,"Total-P",0.005,"mg P/L"
"414","gtmpcnut2.11",2018-05-29 10:30:00,"Total-P",0.005,"mg P/L"
"415","gtmpcnut2.2",2018-05-28 12:00:00,"Total-P",0.005,"mg P/L"
"416","gtmpcnut2.3",2018-05-28 14:30:00,"Total-P",0.005,"mg P/L"
"417","gtmpcnut2.4",2018-05-28 17:00:00,"Total-P",0.005,"mg P/L"
"418","gtmpcnut2.5",2018-05-28 19:30:00,"Total-P",0.005,"mg P/L"
"419","gtmpcnut2.6",2018-05-28 22:00:00,"Total-P",0.005,"mg P/L"
"420","gtmpcnut2.7",2018-05-29 00:30:00,"Total-P",0.005,"mg P/L"
"421","gtmpcnut2.8",2018-05-29 03:00:00,"Total-P",0.005,"mg P/L"
"422","gtmpcnut2.9",2018-05-29 05:30:00,"Total-P",0.005,"mg P/L"
"423","gtmpinut1.1",2018-05-29 10:23:00,"Total-P",0.004,"mg P/L"
"424","gtmpinut1.2",2018-05-29 10:24:00,"Total-P",0.004,"mg P/L"
"425","gtmssnut1.1",2018-05-29 11:39:00,"Total-P",0.004,"mg P/L"
"426","gtmssnut1.2",2018-05-29 11:43:00,"Total-P",0.004,"mg P/L"
"427","gtmfmnut1.1",2018-06-12 11:50:00,"Total-P",0.004,"mg P/L"
"428","gtmfmnut1.2",2018-06-12 11:53:00,"Total-P",0.004,"mg P/L"
"429","gtmpcnut1.1",2018-06-12 10:30:00,"Total-P",0.005,"mg P/L"
"430","gtmpcnut1.2",2018-06-12 10:33:00,"Total-P",0.005,"mg P/L"
"431","gtmpcnut2.1",2018-06-11 09:30:00,"Total-P",0.005,"mg P/L"
"432","gtmpcnut2.10",2018-06-12 08:00:00,"Total-P",0.005,"mg P/L"
"433","gtmpcnut2.11",2018-06-12 10:30:00,"Total-P",0.005,"mg P/L"
"434","gtmpcnut2.2",2018-06-11 12:00:00,"Total-P",0.005,"mg P/L"
"435","gtmpcnut2.3",2018-06-11 14:30:00,"Total-P",0.005,"mg P/L"
"436","gtmpcnut2.4",2018-06-11 17:00:00,"Total-P",0.005,"mg P/L"
"437","gtmpcnut2.5",2018-06-11 19:30:00,"Total-P",0.005,"mg P/L"
"438","gtmpcnut2.6",2018-06-11 22:00:00,"Total-P",0.004,"mg P/L"
"439","gtmpcnut2.7",2018-06-12 00:30:00,"Total-P",0.005,"mg P/L"
"440","gtmpcnut2.8",2018-06-12 03:00:00,"Total-P",0.005,"mg P/L"
"441","gtmpcnut2.9",2018-06-12 05:30:00,"Total-P",0.005,"mg P/L"
"442","gtmpinut1.2",2018-06-12 09:39:00,"Total-P",0.004,"mg P/L"
"443","gtmpinut1.1",2018-06-12 09:36:00,"Total-P",0.004,"mg P/L"
"444","gtmssnut1.1",2018-06-12 10:42:00,"Total-P",0.004,"mg P/L"
"445","gtmssnut1.2",2018-06-12 10:44:00,"Total-P",0.01,"mg P/L"
"446","gtmfmnut1.1",2018-07-24 11:48:00,"Total-P",0.004,"mg P/L"
"447","gtmfmnut1.2",2018-07-24 11:50:00,"Total-P",0.004,"mg P/L"
"448","gtmpcnut1.1",2018-07-24 10:29:00,"Total-P",0.004,"mg P/L"
"449","gtmpcnut1.2",2018-07-24 10:32:00,"Total-P",0.004,"mg P/L"
"450","gtmpcnut2.1",2018-07-23 09:30:00,"Total-P",0.004,"mg P/L"
"451","gtmpcnut2.10",2018-07-24 08:00:00,"Total-P",0.004,"mg P/L"
"452","gtmpcnut2.11",2018-07-24 10:30:00,"Total-P",0.004,"mg P/L"
"453","gtmpcnut2.2",2018-07-23 12:00:00,"Total-P",0.004,"mg P/L"
"454","gtmpcnut2.3",2018-07-23 14:30:00,"Total-P",0.004,"mg P/L"
"455","gtmpcnut2.4",2018-07-23 17:00:00,"Total-P",0.005,"mg P/L"
"456","gtmpcnut2.5",2018-07-23 19:30:00,"Total-P",0.004,"mg P/L"
"457","gtmpcnut2.6",2018-07-23 22:00:00,"Total-P",0.004,"mg P/L"
"458","gtmpcnut2.7",2018-07-24 00:30:00,"Total-P",0.004,"mg P/L"
"459","gtmpcnut2.8",2018-07-24 03:00:00,"Total-P",0.004,"mg P/L"
"460","gtmpcnut2.9",2018-07-24 05:30:00,"Total-P",0.004,"mg P/L"
"461","gtmpinut1.1",2018-07-24 09:17:00,"Total-P",0.004,"mg P/L"
"462","gtmpinut1.2",2018-07-24 09:19:00,"Total-P",0.004,"mg P/L"
"463","gtmssnut1.1",2018-07-24 10:41:00,"Total-P",0.004,"mg P/L"
"464","gtmssnut1.2",2018-07-24 10:45:00,"Total-P",0.004,"mg P/L"
"465","gtmfmnut1.1",2018-08-07 10:06:00,"Total-P",0.004,"mg P/L"
"466","gtmfmnut1.2",2018-08-07 10:08:00,"Total-P",0.004,"mg P/L"
"467","gtmpcnut1.1",2018-08-07 09:54:00,"Total-P",0.005,"mg P/L"
"468","gtmpcnut1.2",2018-08-07 09:56:00,"Total-P",0.005,"mg P/L"
"469","gtmpcnut2.10",2018-08-07 08:00:00,"Total-P",0.005,"mg P/L"
"470","gtmpcnut2.11",2018-08-07 10:30:00,"Total-P",0.005,"mg P/L"
"471","gtmpcnut2.4",2018-08-06 17:00:00,"Total-P",0.005,"mg P/L"
"472","gtmpcnut2.5",2018-08-06 19:30:00,"Total-P",0.005,"mg P/L"
"473","gtmpcnut2.6",2018-08-06 22:00:00,"Total-P",0.005,"mg P/L"
"474","gtmpcnut2.7",2018-08-07 00:30:00,"Total-P",0.005,"mg P/L"
"475","gtmpcnut2.8",2018-08-07 03:00:00,"Total-P",0.005,"mg P/L"
"476","gtmpcnut2.9",2018-08-07 05:30:00,"Total-P",0.005,"mg P/L"
"477","gtmpinut1.1",2018-08-07 07:38:00,"Total-P",0.004,"mg P/L"
"478","gtmpinut1.2",2018-08-07 07:39:00,"Total-P",0.004,"mg P/L"
"479","gtmssnut1.1",2018-08-07 08:58:00,"Total-P",0.004,"mg P/L"
"480","gtmssnut1.2",2018-08-07 08:59:00,"Total-P",0.01,"mg P/L"
"481","gtmfmnut1.1",2018-09-05 09:40:00,"Total-P",0.004,"mg P/L"
"482","gtmfmnut1.2",2018-09-05 09:46:00,"Total-P",0.004,"mg P/L"
"483","gtmpcnut1.1",2018-09-05 09:37:00,"Total-P",0.005,"mg P/L"
"484","gtmpcnut1.2",2018-09-05 09:41:00,"Total-P",0.005,"mg P/L"
"485","gtmpcnut2.1",2018-09-04 09:30:00,"Total-P",0.005,"mg P/L"
"486","gtmpcnut2.10",2018-09-05 08:00:00,"Total-P",0.004,"mg P/L"
"487","gtmpcnut2.11",2018-09-05 10:30:00,"Total-P",0.005,"mg P/L"
"488","gtmpcnut2.2",2018-09-04 12:00:00,"Total-P",0.005,"mg P/L"
"489","gtmpcnut2.3",2018-09-04 14:30:00,"Total-P",0.005,"mg P/L"
"490","gtmpcnut2.4",2018-09-04 17:00:00,"Total-P",0.004,"mg P/L"
"491","gtmpcnut2.5",2018-09-04 19:30:00,"Total-P",0.004,"mg P/L"
"492","gtmpcnut2.6",2018-09-04 22:00:00,"Total-P",0.004,"mg P/L"
"493","gtmpcnut2.7",2018-09-05 00:30:00,"Total-P",0.005,"mg P/L"
"494","gtmpcnut2.8",2018-09-05 03:00:00,"Total-P",0.005,"mg P/L"
"495","gtmpcnut2.9",2018-09-05 05:30:00,"Total-P",0.005,"mg P/L"
"496","gtmpinut1.1",2018-09-05 07:26:00,"Total-P",0.004,"mg P/L"
"497","gtmpinut1.2",2018-09-05 07:30:00,"Total-P",0.004,"mg P/L"
"498","gtmssnut1.1",2018-09-05 08:37:00,"Total-P",0.004,"mg P/L"
"499","gtmssnut1.2",2018-09-05 08:43:00,"Total-P",0.004,"mg P/L"
"500","gtmfmnut1.1",2018-10-23 09:09:00,"Total-P",0.004,"mg P/L"
"501","gtmfmnut1.2",2018-10-23 09:13:00,"Total-P",0.004,"mg P/L"
"502","gtmpcnut1.1",2018-10-23 11:54:00,"Total-P",0.004,"mg P/L"
"503","gtmpcnut1.2",2018-10-23 11:57:00,"Total-P",0.004,"mg P/L"
"504","gtmpcnut2.1",2018-10-22 09:30:00,"Total-P",0.004,"mg P/L"
"505","gtmpcnut2.10",2018-10-23 08:00:00,"Total-P",0.004,"mg P/L"
"506","gtmpcnut2.11",2018-10-23 10:30:00,"Total-P",0.004,"mg P/L"
"507","gtmpcnut2.2",2018-10-22 12:00:00,"Total-P",0.004,"mg P/L"
"508","gtmpcnut2.3",2018-10-22 14:30:00,"Total-P",0.004,"mg P/L"
"509","gtmpcnut2.4",2018-10-22 17:00:00,"Total-P",0.004,"mg P/L"
"510","gtmpcnut2.5",2018-10-22 19:30:00,"Total-P",0.004,"mg P/L"
"511","gtmpcnut2.6",2018-10-22 22:00:00,"Total-P",0.004,"mg P/L"
"512","gtmpcnut2.7",2018-10-23 00:30:00,"Total-P",0.004,"mg P/L"
"513","gtmpcnut2.8",2018-10-23 03:00:00,"Total-P",0.004,"mg P/L"
"514","gtmpcnut2.9",2018-10-23 05:30:00,"Total-P",0.004,"mg P/L"
"515","gtmpinut1.1",2018-10-23 11:34:00,"Total-P",0.004,"mg P/L"
"516","gtmpinut1.2",2018-10-23 11:36:00,"Total-P",0.004,"mg P/L"
"517","gtmssnut1.1",2018-10-23 10:21:00,"Total-P",0.004,"mg P/L"
"518","gtmssnut1.2",2018-10-23 10:22:00,"Total-P",0.004,"mg P/L"
"519","gtmfmnut1.1",2018-11-06 11:37:00,"Total-P",0.004,"mg P/L"
"520","gtmfmnut1.2",2018-11-06 11:38:00,"Total-P",0.004,"mg P/L"
"521","gtmpcnut1.1",2018-11-06 11:00:00,"Total-P",0.004,"mg P/L"
"522","gtmpcnut1.2",2018-11-06 11:03:00,"Total-P",0.004,"mg P/L"
"523","gtmpcnut2.1",2018-11-05 09:30:00,"Total-P",0.004,"mg P/L"
"524","gtmpcnut2.10",2018-11-06 08:00:00,"Total-P",0.004,"mg P/L"
"525","gtmpcnut2.11",2018-11-06 10:30:00,"Total-P",0.004,"mg P/L"
"526","gtmpcnut2.2",2018-11-05 12:00:00,"Total-P",0.004,"mg P/L"
"527","gtmpcnut2.3",2018-11-05 14:30:00,"Total-P",0.004,"mg P/L"
"528","gtmpcnut2.4",2018-11-05 17:00:00,"Total-P",0.004,"mg P/L"
"529","gtmpcnut2.5",2018-11-05 19:30:00,"Total-P",0.004,"mg P/L"
"530","gtmpcnut2.6",2018-11-05 22:00:00,"Total-P",0.004,"mg P/L"
"531","gtmpcnut2.7",2018-11-06 00:30:00,"Total-P",0.004,"mg P/L"
"532","gtmpcnut2.8",2018-11-06 03:00:00,"Total-P",0.004,"mg P/L"
"533","gtmpcnut2.9",2018-11-06 05:30:00,"Total-P",0.004,"mg P/L"
"534","gtmpinut1.1",2018-11-06 09:23:00,"Total-P",0.004,"mg P/L"
"535","gtmpinut1.2",2018-11-06 09:26:00,"Total-P",0.004,"mg P/L"
"536","gtmssnut1.1",2018-11-06 10:30:00,"Total-P",0.004,"mg P/L"
"537","gtmssnut1.2",2018-11-06 10:31:00,"Total-P",0.004,"mg P/L"
"538","gtmfmnut1.1",2018-12-04 10:55:00,"Total-P",0.004,"mg P/L"
"539","gtmfmnut1.2",2018-12-04 10:57:00,"Total-P",0.004,"mg P/L"
"540","gtmpcnut1.1",2018-12-04 10:16:00,"Total-P",0.004,"mg P/L"
"541","gtmpcnut1.2",2018-12-04 10:19:00,"Total-P",0.004,"mg P/L"
"542","gtmpcnut2.1",2018-12-03 09:30:00,"Total-P",0.004,"mg P/L"
"543","gtmpcnut2.10",2018-12-04 08:00:00,"Total-P",0.004,"mg P/L"
"544","gtmpcnut2.11",2018-12-04 10:30:00,"Total-P",0.004,"mg P/L"
"545","gtmpcnut2.2",2018-12-03 12:00:00,"Total-P",0.004,"mg P/L"
"546","gtmpcnut2.3",2018-12-03 14:30:00,"Total-P",0.004,"mg P/L"
"547","gtmpcnut2.4",2018-12-03 17:00:00,"Total-P",0.004,"mg P/L"
"548","gtmpcnut2.5",2018-12-03 19:30:00,"Total-P",0.004,"mg P/L"
"549","gtmpcnut2.6",2018-12-03 22:00:00,"Total-P",0.004,"mg P/L"
"550","gtmpcnut2.7",2018-12-04 00:30:00,"Total-P",0.004,"mg P/L"
"551","gtmpcnut2.8",2018-12-04 03:00:00,"Total-P",0.004,"mg P/L"
"552","gtmpcnut2.9",2018-12-04 05:30:00,"Total-P",0.004,"mg P/L"
"553","gtmpinut1.1",2018-12-04 08:31:00,"Total-P",0.004,"mg P/L"
"554","gtmpinut1.2",2018-12-04 08:33:00,"Total-P",0.004,"mg P/L"
"555","gtmssnut1.1",2018-12-04 09:45:00,"Total-P",0.004,"mg P/L"
"556","gtmssnut1.2",2018-12-04 09:47:00,"Total-P",0.004,"mg P/L"
"557","gtmfmnut1.1",2018-01-16 12:56:00,"TSS",3,"mg/L"
"558","gtmfmnut1.2",2018-01-16 12:58:00,"TSS",3,"mg/L"
"559","gtmpcnut1.1",2018-01-16 10:54:00,"TSS",3,"mg/L"
"560","gtmpcnut1.2",2018-01-16 10:57:00,"TSS",3,"mg/L"
"561","gtmpinut1.1",2018-01-16 10:23:00,"TSS",3,"mg/L"
"562","gtmpinut1.2",2018-01-16 10:26:00,"TSS",3,"mg/L"
"563","gtmssnut1.1",2018-01-16 11:38:00,"TSS",3,"mg/L"
"564","gtmssnut1.2",2018-01-16 11:40:00,"TSS",3,"mg/L"
"565","gtmfmnut1.1",2018-02-13 12:23:00,"TSS",3,"mg/L"
"566","gtmfmnut1.2",2018-02-13 12:25:00,"TSS",3,"mg/L"
"567","gtmpcnut2.8",2018-02-13 03:00:00,"TSS",3,"mg/L"
"568","gtmpinut1.1",2018-02-13 09:13:00,"TSS",3,"mg/L"
"569","gtmpinut1.2",2018-02-13 09:15:00,"TSS",3,"mg/L"
"570","gtmssnut1.1",2018-02-13 10:51:00,"TSS",3,"mg/L"
"571","gtmssnut1.2",2018-02-13 10:53:00,"TSS",3,"mg/L"
"572","gtmfmnut1.1",2018-03-27 11:04:00,"TSS",3,"mg/L"
"573","gtmfmnut1.2",2018-03-27 11:06:00,"TSS",3,"mg/L"
"574","gtmpcnut1.1",2018-03-27 11:01:00,"TSS",3,"mg/L"
"575","gtmpcnut1.2",2018-03-27 11:06:00,"TSS",3,"mg/L"
"576","gtmpcnut2.1",2018-03-26 09:30:00,"TSS",3,"mg/L"
"577","gtmpcnut2.10",2018-03-27 08:00:00,"TSS",3,"mg/L"
"578","gtmpcnut2.11",2018-03-27 10:30:00,"TSS",3,"mg/L"
"579","gtmpcnut2.2",2018-03-26 12:00:00,"TSS",3,"mg/L"
"580","gtmpcnut2.3",2018-03-26 14:30:00,"TSS",3,"mg/L"
"581","gtmpcnut2.4",2018-03-26 17:00:00,"TSS",3,"mg/L"
"582","gtmpcnut2.5",2018-03-26 19:30:00,"TSS",3,"mg/L"
"583","gtmpcnut2.6",2018-03-26 22:00:00,"TSS",3,"mg/L"
"584","gtmpcnut2.7",2018-03-27 00:30:00,"TSS",3,"mg/L"
"585","gtmpcnut2.8",2018-03-27 03:00:00,"TSS",3,"mg/L"
"586","gtmpcnut2.9",2018-03-27 05:30:00,"TSS",3,"mg/L"
"587","gtmpinut1.1",2018-03-27 08:17:00,"TSS",3,"mg/L"
"588","gtmpinut1.2",2018-03-27 08:20:00,"TSS",3,"mg/L"
"589","gtmssnut1.1",2018-03-27 09:54:00,"TSS",3,"mg/L"
"590","gtmssnut1.2",2018-03-27 09:56:00,"TSS",3,"mg/L"
"591","gtmfmnut1.1",2018-04-25 10:15:00,"TSS",3,"mg/L"
"592","gtmfmnut1.2",2018-04-25 10:17:00,"TSS",3,"mg/L"
"593","gtmpcnut2.10",2018-04-25 08:00:00,"TSS",3,"mg/L"
"594","gtmpcnut2.11",2018-04-25 10:30:00,"TSS",3,"mg/L"
"595","gtmpcnut2.4",2018-04-24 17:00:00,"TSS",3,"mg/L"
"596","gtmpcnut2.5",2018-04-24 19:30:00,"TSS",3,"mg/L"
"597","gtmpcnut2.9",2018-04-25 05:30:00,"TSS",3,"mg/L"
"598","gtmpcnut1.1",2018-04-25 09:33:00,"TSS",3,"mg/L"
"599","gtmpcnut1.2",2018-04-25 09:37:00,"TSS",3,"mg/L"
"600","gtmpcnut2.1",2018-04-24 09:30:00,"TSS",3,"mg/L"
"601","gtmpinut1.1",2018-04-25 08:00:00,"TSS",3,"mg/L"
"602","gtmpinut1.2",2018-04-25 08:02:00,"TSS",3,"mg/L"
"603","gtmssnut1.1",2018-04-25 09:10:00,"TSS",3,"mg/L"
"604","gtmssnut1.2",2018-04-25 09:13:00,"TSS",3,"mg/L"
"605","gtmfmnut1.1",2018-05-29 13:27:00,"TSS",3,"mg/L"
"606","gtmfmnut1.2",2018-05-29 13:30:00,"TSS",3,"mg/L"
"607","gtmpcnut2.7",2018-05-29 00:30:00,"TSS",3.3,"mg/L"
"608","gtmpinut1.1",2018-05-29 10:23:00,"TSS",3,"mg/L"
"609","gtmpinut1.2",2018-05-29 10:24:00,"TSS",3,"mg/L"
"610","gtmssnut1.1",2018-05-29 11:39:00,"TSS",3,"mg/L"
"611","gtmssnut1.2",2018-05-29 11:43:00,"TSS",3,"mg/L"
"612","gtmfmnut1.1",2018-06-12 11:50:00,"TSS",3,"mg/L"
"613","gtmfmnut1.2",2018-06-12 11:53:00,"TSS",3,"mg/L"
"614","gtmpinut1.2",2018-06-12 09:39:00,"TSS",3,"mg/L"
"615","gtmpinut1.1",2018-06-12 09:36:00,"TSS",3,"mg/L"
"616","gtmssnut1.1",2018-06-12 10:42:00,"TSS",3,"mg/L"
"617","gtmssnut1.2",2018-06-12 10:44:00,"TSS",3,"mg/L"
"618","gtmfmnut1.1",2018-07-24 11:48:00,"TSS",3,"mg/L"
"619","gtmfmnut1.2",2018-07-24 11:50:00,"TSS",3,"mg/L"
"620","gtmpcnut2.1",2018-07-23 09:30:00,"TSS",3,"mg/L"
"621","gtmpcnut2.10",2018-07-24 08:00:00,"TSS",3,"mg/L"
"622","gtmpcnut2.11",2018-07-24 10:30:00,"TSS",3,"mg/L"
"623","gtmpcnut2.2",2018-07-23 12:00:00,"TSS",3,"mg/L"
"624","gtmpcnut2.5",2018-07-23 19:30:00,"TSS",3,"mg/L"
"625","gtmpcnut2.6",2018-07-23 22:00:00,"TSS",3,"mg/L"
"626","gtmpcnut2.7",2018-07-24 00:30:00,"TSS",3,"mg/L"
"627","gtmpinut1.1",2018-07-24 09:17:00,"TSS",3,"mg/L"
"628","gtmpinut1.2",2018-07-24 09:19:00,"TSS",3,"mg/L"
"629","gtmssnut1.1",2018-07-24 10:41:00,"TSS",3,"mg/L"
"630","gtmssnut1.2",2018-07-24 10:45:00,"TSS",3,"mg/L"
"631","gtmfmnut1.1",2018-08-07 10:06:00,"TSS",3,"mg/L"
"632","gtmfmnut1.2",2018-08-07 10:08:00,"TSS",3,"mg/L"
"633","gtmpinut1.1",2018-08-07 07:38:00,"TSS",3,"mg/L"
"634","gtmpinut1.2",2018-08-07 07:39:00,"TSS",3,"mg/L"
"635","gtmssnut1.1",2018-08-07 08:58:00,"TSS",3,"mg/L"
"636","gtmssnut1.2",2018-08-07 08:59:00,"TSS",3,"mg/L"
"637","gtmfmnut1.1",2018-09-05 09:40:00,"TSS",3,"mg/L"
"638","gtmfmnut1.2",2018-09-05 09:46:00,"TSS",3,"mg/L"
"639","gtmpcnut2.5",2018-09-04 19:30:00,"TSS",3,"mg/L"
"640","gtmpinut1.1",2018-09-05 07:26:00,"TSS",3,"mg/L"
"641","gtmpinut1.2",2018-09-05 07:30:00,"TSS",3,"mg/L"
"642","gtmssnut1.1",2018-09-05 08:37:00,"TSS",3,"mg/L"
"643","gtmssnut1.2",2018-09-05 08:43:00,"TSS",3,"mg/L"
"644","gtmfmnut1.1",2018-10-23 09:09:00,"TSS",3,"mg/L"
"645","gtmfmnut1.2",2018-10-23 09:13:00,"TSS",3,"mg/L"
"646","gtmpcnut1.1",2018-10-23 11:54:00,"TSS",3,"mg/L"
"647","gtmpcnut1.2",2018-10-23 11:57:00,"TSS",3,"mg/L"
"648","gtmpcnut2.1",2018-10-22 09:30:00,"TSS",5,"mg/L"
"649","gtmpcnut2.10",2018-10-23 08:00:00,"TSS",3,"mg/L"
"650","gtmpcnut2.11",2018-10-23 10:30:00,"TSS",3.8,"mg/L"
"651","gtmpcnut2.2",2018-10-22 12:00:00,"TSS",5,"mg/L"
"652","gtmpcnut2.3",2018-10-22 14:30:00,"TSS",3,"mg/L"
"653","gtmpcnut2.6",2018-10-22 22:00:00,"TSS",5,"mg/L"
"654","gtmpcnut2.7",2018-10-23 00:30:00,"TSS",3,"mg/L"
"655","gtmpinut1.1",2018-10-23 11:34:00,"TSS",3,"mg/L"
"656","gtmpinut1.2",2018-10-23 11:36:00,"TSS",3,"mg/L"
"657","gtmssnut1.1",2018-10-23 10:21:00,"TSS",3,"mg/L"
"658","gtmssnut1.2",2018-10-23 10:22:00,"TSS",3,"mg/L"
"659","gtmfmnut1.1",2018-11-06 11:37:00,"TSS",3,"mg/L"
"660","gtmfmnut1.2",2018-11-06 11:38:00,"TSS",3,"mg/L"
"661","gtmpcnut1.1",2018-11-06 11:00:00,"TSS",3,"mg/L"
"662","gtmpcnut1.2",2018-11-06 11:03:00,"TSS",3,"mg/L"
"663","gtmpcnut2.1",2018-11-05 09:30:00,"TSS",3,"mg/L"
"664","gtmpcnut2.10",2018-11-06 08:00:00,"TSS",3,"mg/L"
"665","gtmpcnut2.11",2018-11-06 10:30:00,"TSS",3,"mg/L"
"666","gtmpcnut2.2",2018-11-05 12:00:00,"TSS",3,"mg/L"
"667","gtmpcnut2.5",2018-11-05 19:30:00,"TSS",3,"mg/L"
"668","gtmpcnut2.6",2018-11-05 22:00:00,"TSS",3,"mg/L"
"669","gtmpcnut2.7",2018-11-06 00:30:00,"TSS",3,"mg/L"
"670","gtmpinut1.1",2018-11-06 09:23:00,"TSS",3,"mg/L"
"671","gtmpinut1.2",2018-11-06 09:26:00,"TSS",3,"mg/L"
"672","gtmssnut1.1",2018-11-06 10:30:00,"TSS",3,"mg/L"
"673","gtmssnut1.2",2018-11-06 10:31:00,"TSS",3,"mg/L"
"674","gtmfmnut1.1",2018-12-04 10:55:00,"TSS",3,"mg/L"
"675","gtmfmnut1.2",2018-12-04 10:57:00,"TSS",3,"mg/L"
"676","gtmpcnut1.1",2018-12-04 10:16:00,"TSS",3,"mg/L"
"677","gtmpcnut1.2",2018-12-04 10:19:00,"TSS",3,"mg/L"
"678","gtmpcnut2.1",2018-12-03 09:30:00,"TSS",3,"mg/L"
"679","gtmpcnut2.10",2018-12-04 08:00:00,"TSS",3,"mg/L"
"680","gtmpcnut2.11",2018-12-04 10:30:00,"TSS",3,"mg/L"
"681","gtmpcnut2.5",2018-12-03 19:30:00,"TSS",3,"mg/L"
"682","gtmpcnut2.6",2018-12-03 22:00:00,"TSS",3,"mg/L"
"683","gtmpinut1.1",2018-12-04 08:31:00,"TSS",3,"mg/L"
"684","gtmpinut1.2",2018-12-04 08:33:00,"TSS",3,"mg/L"
"685","gtmssnut1.1",2018-12-04 09:45:00,"TSS",3,"mg/L"
"686","gtmssnut1.2",2018-12-04 09:47:00,"TSS",3,"mg/L"
"687","fieldblank",2018-01-16 10:00:00,"Fecal Coliforms-Membrane Filter",1,"cfu/100 mL"
"688","gtmpcnut2.10",2018-01-16 08:00:00,"Fecal Coliforms-Membrane Filter",10,"cfu/100 mL"
"689","gtmpcnut2.3",2018-01-15 14:30:00,"Fecal Coliforms-Membrane Filter",10,"cfu/100 mL"
"690","gtmpcnut2.4",2018-01-15 17:00:00,"Fecal Coliforms-Membrane Filter",10,"cfu/100 mL"
"691","gtmpcnut2.5",2018-01-15 19:30:00,"Fecal Coliforms-Membrane Filter",10,"cfu/100 mL"
"692","gtmpcnut2.6",2018-01-15 22:00:00,"Fecal Coliforms-Membrane Filter",10,"cfu/100 mL"
"693","gtmpcnut2.7",2018-01-16 00:30:00,"Fecal Coliforms-Membrane Filter",10,"cfu/100 mL"
"694","gtmpcnut2.8",2018-01-16 03:00:00,"Fecal Coliforms-Membrane Filter",10,"cfu/100 mL"
"695","gtmpcnut2.9",2018-01-16 05:30:00,"Fecal Coliforms-Membrane Filter",10,"cfu/100 mL"
"696","fieldblank",2018-02-13 09:07:00,"Fecal Coliforms-Membrane Filter",1,"cfu/100 mL"
"697","gtmpcnut1.1",2018-02-13 10:59:00,"Fecal Coliforms-Membrane Filter",10,"cfu/100 mL"
"698","gtmpcnut1.2",2018-02-13 11:03:00,"Fecal Coliforms-Membrane Filter",10,"cfu/100 mL"
"699","gtmpcnut2.10",2018-02-13 08:00:00,"Fecal Coliforms-Membrane Filter",10,"cfu/100 mL"
"700","gtmpcnut2.11",2018-02-13 10:30:00,"Fecal Coliforms-Membrane Filter",10,"cfu/100 mL"
"701","gtmpcnut2.2",2018-02-12 12:00:00,"Fecal Coliforms-Membrane Filter",10,"cfu/100 mL"
"702","gtmpcnut2.3",2018-02-12 14:30:00,"Fecal Coliforms-Membrane Filter",10,"cfu/100 mL"
"703","gtmpcnut2.5",2018-02-12 19:30:00,"Fecal Coliforms-Membrane Filter",10,"cfu/100 mL"
"704","gtmpcnut2.6",2018-02-12 22:00:00,"Fecal Coliforms-Membrane Filter",10,"cfu/100 mL"
"705","gtmpcnut2.7",2018-02-13 00:30:00,"Fecal Coliforms-Membrane Filter",10,"cfu/100 mL"
"706","gtmssnut1.1",2018-02-13 10:51:00,"Fecal Coliforms-Membrane Filter",9,"cfu/100 mL"
"707","fieldblank",2018-03-27 08:05:00,"Fecal Coliforms-Membrane Filter",1,"cfu/100 mL"
"708","gtmpcnut2.7",2018-03-27 00:30:00,"Fecal Coliforms-Membrane Filter",10,"cfu/100 mL"
"709","gtmpcnut2.8",2018-03-27 03:00:00,"Fecal Coliforms-Membrane Filter",10,"cfu/100 mL"
"710","gtmpcnut2.9",2018-03-27 05:30:00,"Fecal Coliforms-Membrane Filter",10,"cfu/100 mL"
"711","fieldblank",2018-04-25 07:53:00,"Fecal Coliforms-Membrane Filter",1,"cfu/100 mL"
"712","gtmpcnut2.2",2018-04-24 12:00:00,"Fecal Coliforms-Membrane Filter",10,"cfu/100 mL"
"713","gtmpcnut2.3",2018-04-24 14:30:00,"Fecal Coliforms-Membrane Filter",10,"cfu/100 mL"
"714","gtmpcnut2.7",2018-04-25 00:30:00,"Fecal Coliforms-Membrane Filter",10,"cfu/100 mL"
"715","gtmpcnut2.8",2018-04-25 03:00:00,"Fecal Coliforms-Membrane Filter",10,"cfu/100 mL"
"716","fieldblank",2018-05-29 10:16:00,"Fecal Coliforms-Membrane Filter",1,"cfu/100 mL"
"717","gtmpcnut1.2",2018-05-29 12:03:00,"Fecal Coliforms-Membrane Filter",9,"cfu/100 mL"
"718","gtmpcnut2.2",2018-05-28 12:00:00,"Fecal Coliforms-Membrane Filter",10,"cfu/100 mL"
"719","gtmpcnut2.4",2018-05-28 17:00:00,"Fecal Coliforms-Membrane Filter",10,"cfu/100 mL"
"720","gtmpcnut2.5",2018-05-28 19:30:00,"Fecal Coliforms-Membrane Filter",10,"cfu/100 mL"
"721","gtmpcnut2.6",2018-05-28 22:00:00,"Fecal Coliforms-Membrane Filter",10,"cfu/100 mL"
"722","gtmpcnut2.8",2018-05-29 03:00:00,"Fecal Coliforms-Membrane Filter",9,"cfu/100 mL"
"723","gtmpcnut2.9",2018-05-29 05:30:00,"Fecal Coliforms-Membrane Filter",9,"cfu/100 mL"
"724","fieldblank",2018-06-12 09:30:00,"Fecal Coliforms-Membrane Filter",1,"cfu/100 mL"
"725","gtmpcnut1.1",2018-06-12 10:30:00,"Fecal Coliforms-Membrane Filter",10,"cfu/100 mL"
"726","gtmpcnut1.2",2018-06-12 10:33:00,"Fecal Coliforms-Membrane Filter",10,"cfu/100 mL"
"727","gtmpcnut2.10",2018-06-12 08:00:00,"Fecal Coliforms-Membrane Filter",10,"cfu/100 mL"
"728","gtmpcnut2.11",2018-06-12 10:30:00,"Fecal Coliforms-Membrane Filter",10,"cfu/100 mL"
"729","gtmpcnut2.3",2018-06-11 14:30:00,"Fecal Coliforms-Membrane Filter",9,"cfu/100 mL"
"730","gtmpcnut2.5",2018-06-11 19:30:00,"Fecal Coliforms-Membrane Filter",10,"cfu/100 mL"
"731","gtmpcnut2.6",2018-06-11 22:00:00,"Fecal Coliforms-Membrane Filter",10,"cfu/100 mL"
"732","gtmpcnut2.7",2018-06-12 00:30:00,"Fecal Coliforms-Membrane Filter",10,"cfu/100 mL"
"733","gtmpcnut2.8",2018-06-12 03:00:00,"Fecal Coliforms-Membrane Filter",9,"cfu/100 mL"
"734","fieldblank",2018-07-24 09:10:00,"Fecal Coliforms-Membrane Filter",1,"cfu/100 mL"
"735","gtmpcnut2.11",2018-07-24 10:30:00,"Fecal Coliforms-Membrane Filter",9,"cfu/100 mL"
"736","fieldblank",2018-08-07 07:30:00,"Fecal Coliforms-Membrane Filter",1,"cfu/100 mL"
"737","gtmpcnut1.1",2018-08-07 09:54:00,"Fecal Coliforms-Membrane Filter",10,"cfu/100 mL"
"738","gtmpcnut1.2",2018-08-07 09:56:00,"Fecal Coliforms-Membrane Filter",10,"cfu/100 mL"
"739","gtmpcnut2.10",2018-08-07 08:00:00,"Fecal Coliforms-Membrane Filter",9,"cfu/100 mL"
"740","gtmpcnut2.11",2018-08-07 10:30:00,"Fecal Coliforms-Membrane Filter",10,"cfu/100 mL"
"741","gtmpcnut2.2",2018-08-06 12:00:00,"Fecal Coliforms-Membrane Filter",9,"cfu/100 mL"
"742","gtmpcnut2.3",2018-08-06 14:30:00,"Fecal Coliforms-Membrane Filter",9,"cfu/100 mL"
"743","gtmpcnut2.4",2018-08-06 17:00:00,"Fecal Coliforms-Membrane Filter",9,"cfu/100 mL"
"744","gtmpcnut2.6",2018-08-06 22:00:00,"Fecal Coliforms-Membrane Filter",10,"cfu/100 mL"
"745","gtmpcnut2.7",2018-08-07 00:30:00,"Fecal Coliforms-Membrane Filter",9,"cfu/100 mL"
"746","gtmpcnut2.8",2018-08-07 03:00:00,"Fecal Coliforms-Membrane Filter",10,"cfu/100 mL"
"747","gtmpcnut2.9",2018-08-07 05:30:00,"Fecal Coliforms-Membrane Filter",10,"cfu/100 mL"
"748","gtmssnut1.2",2018-08-07 08:59:00,"Fecal Coliforms-Membrane Filter",9,"cfu/100 mL"
"749","gtmfmnut1.1",2018-09-05 09:40:00,"Fecal Coliforms-Membrane Filter",9,"cfu/100 mL"
"750","fieldblank",2018-09-05 07:15:00,"Fecal Coliforms-Membrane Filter",1,"cfu/100 mL"
"751","gtmpcnut2.11",2018-09-05 10:30:00,"Fecal Coliforms-Membrane Filter",10,"cfu/100 mL"
"752","gtmpcnut2.2",2018-09-04 12:00:00,"Fecal Coliforms-Membrane Filter",100,"cfu/100 mL"
"753","gtmpcnut2.3",2018-09-04 14:30:00,"Fecal Coliforms-Membrane Filter",9,"cfu/100 mL"
"754","gtmpcnut2.4",2018-09-04 17:00:00,"Fecal Coliforms-Membrane Filter",9,"cfu/100 mL"
"755","gtmpcnut2.5",2018-09-04 19:30:00,"Fecal Coliforms-Membrane Filter",9,"cfu/100 mL"
"756","gtmpcnut2.7",2018-09-05 00:30:00,"Fecal Coliforms-Membrane Filter",100,"cfu/100 mL"
"757","gtmpcnut2.9",2018-09-05 05:30:00,"Fecal Coliforms-Membrane Filter",9,"cfu/100 mL"
"758","fieldblank",2018-10-23 09:06:00,"Fecal Coliforms-Membrane Filter",1,"cfu/100 mL"
"759","gtmpcnut2.10",2018-10-23 08:00:00,"Fecal Coliforms-Membrane Filter",9,"cfu/100 mL"
"760","gtmpcnut2.3",2018-10-22 14:30:00,"Fecal Coliforms-Membrane Filter",9,"cfu/100 mL"
"761","gtmpcnut2.4",2018-10-22 17:00:00,"Fecal Coliforms-Membrane Filter",10,"cfu/100 mL"
"762","gtmpcnut2.8",2018-10-23 03:00:00,"Fecal Coliforms-Membrane Filter",9,"cfu/100 mL"
"763","gtmpcnut2.9",2018-10-23 05:30:00,"Fecal Coliforms-Membrane Filter",10,"cfu/100 mL"
"764","fieldblank",2018-11-06 08:50:00,"Fecal Coliforms-Membrane Filter",1,"cfu/100 mL"
"765","gtmpcnut1.2",2018-11-06 11:03:00,"Fecal Coliforms-Membrane Filter",9,"cfu/100 mL"
"766","gtmpcnut2.4",2018-11-05 17:00:00,"Fecal Coliforms-Membrane Filter",9,"cfu/100 mL"
"767","gtmpcnut2.6",2018-11-05 22:00:00,"Fecal Coliforms-Membrane Filter",9,"cfu/100 mL"
"768","gtmpcnut2.7",2018-11-06 00:30:00,"Fecal Coliforms-Membrane Filter",10,"cfu/100 mL"
"769","gtmpcnut2.8",2018-11-06 03:00:00,"Fecal Coliforms-Membrane Filter",10,"cfu/100 mL"
"770","gtmpcnut2.9",2018-11-06 05:30:00,"Fecal Coliforms-Membrane Filter",10,"cfu/100 mL"
"771","gtmpcnut2.3",2018-12-03 14:30:00,"Fecal Coliforms-Membrane Filter",9,"cfu/100 mL"
"772","gtmpcnut2.4",2018-12-03 17:00:00,"Fecal Coliforms-Membrane Filter",9,"cfu/100 mL"
"773","gtmpcnut1.1",2018-01-16 10:54:00,"Escherichia Coli-Quanti-Tray",10,"MPN/100 mL"
"774","gtmpcnut1.1",2018-02-13 10:59:00,"Escherichia Coli-Quanti-Tray",10,"MPN/100 mL"
"775","gtmpcnut1.1",2018-03-27 11:01:00,"Escherichia Coli-Quanti-Tray",10,"MPN/100 mL"
"776","gtmpcnut1.1",2018-04-25 09:33:00,"Escherichia Coli-Quanti-Tray",10,"MPN/100 mL"
"777","gtmpcnut1.1",2018-07-24 10:29:00,"Escherichia Coli-Quanti-Tray",10,"MPN/100 mL"
"778","gtmpcnut1.1",2018-09-05 09:37:00,"Escherichia Coli-Quanti-Tray",10,"MPN/100 mL"
"779","gtmpcnut1.1",2018-10-23 11:54:00,"Escherichia Coli-Quanti-Tray",10,"MPN/100 mL"
"780","gtmpcnut1.1",2018-11-06 11:00:00,"Escherichia Coli-Quanti-Tray",10,"MPN/100 mL"
"781","gtmpcnut1.1",2018-12-04 10:16:00,"Escherichia Coli-Quanti-Tray",10,"MPN/100 mL"
"782","gtmfmnut1.1",2018-01-16 12:56:00,"Organic Carbon",1,"mg C/L"
"783","gtmfmnut1.2",2018-01-16 12:58:00,"Organic Carbon",1,"mg C/L"
"784","gtmpcnut1.1",2018-01-16 10:54:00,"Organic Carbon",1,"mg C/L"
"785","gtmpcnut1.2",2018-01-16 10:57:00,"Organic Carbon",1,"mg C/L"
"786","gtmpinut1.1",2018-01-16 10:23:00,"Organic Carbon",1,"mg C/L"
"787","gtmpinut1.2",2018-01-16 10:26:00,"Organic Carbon",1,"mg C/L"
"788","gtmssnut1.1",2018-01-16 11:38:00,"Organic Carbon",1,"mg C/L"
"789","gtmssnut1.2",2018-01-16 11:40:00,"Organic Carbon",1,"mg C/L"
"790","gtmfmnut1.1",2018-02-13 12:23:00,"Organic Carbon",1,"mg C/L"
"791","gtmfmnut1.2",2018-02-13 12:25:00,"Organic Carbon",1,"mg C/L"
"792","gtmpcnut2.8",2018-02-13 03:00:00,"Organic Carbon",1,"mg C/L"
"793","gtmpinut1.1",2018-02-13 09:13:00,"Organic Carbon",1,"mg C/L"
"794","gtmpinut1.2",2018-02-13 09:15:00,"Organic Carbon",1,"mg C/L"
"795","gtmssnut1.1",2018-02-13 10:51:00,"Organic Carbon",1,"mg C/L"
"796","gtmssnut1.2",2018-02-13 10:53:00,"Organic Carbon",1,"mg C/L"
"797","gtmfmnut1.1",2018-03-27 11:04:00,"Organic Carbon",1,"mg C/L"
"798","gtmfmnut1.2",2018-03-27 11:06:00,"Organic Carbon",1,"mg C/L"
"799","gtmpcnut1.1",2018-03-27 11:01:00,"Organic Carbon",1,"mg C/L"
"800","gtmpcnut1.2",2018-03-27 11:06:00,"Organic Carbon",1,"mg C/L"
"801","gtmpcnut2.1",2018-03-26 09:30:00,"Organic Carbon",1,"mg C/L"
"802","gtmpcnut2.10",2018-03-27 08:00:00,"Organic Carbon",1,"mg C/L"
"803","gtmpcnut2.11",2018-03-27 10:30:00,"Organic Carbon",1,"mg C/L"
"804","gtmpcnut2.2",2018-03-26 12:00:00,"Organic Carbon",1,"mg C/L"
"805","gtmpcnut2.3",2018-03-26 14:30:00,"Organic Carbon",1,"mg C/L"
"806","gtmpcnut2.4",2018-03-26 17:00:00,"Organic Carbon",1,"mg C/L"
"807","gtmpcnut2.5",2018-03-26 19:30:00,"Organic Carbon",1,"mg C/L"
"808","gtmpcnut2.6",2018-03-26 22:00:00,"Organic Carbon",1,"mg C/L"
"809","gtmpcnut2.7",2018-03-27 00:30:00,"Organic Carbon",1,"mg C/L"
"810","gtmpcnut2.8",2018-03-27 03:00:00,"Organic Carbon",1,"mg C/L"
"811","gtmpcnut2.9",2018-03-27 05:30:00,"Organic Carbon",1,"mg C/L"
"812","gtmpinut1.1",2018-03-27 08:17:00,"Organic Carbon",1,"mg C/L"
"813","gtmpinut1.2",2018-03-27 08:20:00,"Organic Carbon",1,"mg C/L"
"814","gtmssnut1.1",2018-03-27 09:54:00,"Organic Carbon",1,"mg C/L"
"815","gtmssnut1.2",2018-03-27 09:56:00,"Organic Carbon",1,"mg C/L"
"816","gtmfmnut1.1",2018-04-25 10:15:00,"Organic Carbon",1,"mg C/L"
"817","gtmfmnut1.2",2018-04-25 10:17:00,"Organic Carbon",1,"mg C/L"
"818","gtmpcnut2.10",2018-04-25 08:00:00,"Organic Carbon",1,"mg C/L"
"819","gtmpcnut2.11",2018-04-25 10:30:00,"Organic Carbon",1,"mg C/L"
"820","gtmpcnut2.2",2018-04-24 12:00:00,"Organic Carbon",1,"mg C/L"
"821","gtmpcnut2.4",2018-04-24 17:00:00,"Organic Carbon",1,"mg C/L"
"822","gtmpcnut2.5",2018-04-24 19:30:00,"Organic Carbon",1,"mg C/L"
"823","gtmpcnut2.9",2018-04-25 05:30:00,"Organic Carbon",1,"mg C/L"
"824","gtmpcnut1.1",2018-04-25 09:33:00,"Organic Carbon",1,"mg C/L"
"825","gtmpcnut1.2",2018-04-25 09:37:00,"Organic Carbon",1,"mg C/L"
"826","gtmpcnut2.1",2018-04-24 09:30:00,"Organic Carbon",1,"mg C/L"
"827","gtmpinut1.1",2018-04-25 08:00:00,"Organic Carbon",1,"mg C/L"
"828","gtmpinut1.2",2018-04-25 08:02:00,"Organic Carbon",1,"mg C/L"
"829","gtmssnut1.1",2018-04-25 09:10:00,"Organic Carbon",1,"mg C/L"
"830","gtmssnut1.2",2018-04-25 09:13:00,"Organic Carbon",1,"mg C/L"
"831","gtmfmnut1.1",2018-05-29 13:27:00,"Organic Carbon",1,"mg C/L"
"832","gtmfmnut1.2",2018-05-29 13:30:00,"Organic Carbon",1,"mg C/L"
"833","gtmpinut1.1",2018-05-29 10:23:00,"Organic Carbon",1,"mg C/L"
"834","gtmpinut1.2",2018-05-29 10:24:00,"Organic Carbon",1,"mg C/L"
"835","gtmssnut1.1",2018-05-29 11:39:00,"Organic Carbon",1,"mg C/L"
"836","gtmssnut1.2",2018-05-29 11:43:00,"Organic Carbon",1,"mg C/L"
"837","gtmfmnut1.1",2018-06-12 11:50:00,"Organic Carbon",1,"mg C/L"
"838","gtmfmnut1.2",2018-06-12 11:53:00,"Organic Carbon",1,"mg C/L"
"839","gtmpinut1.2",2018-06-12 09:39:00,"Organic Carbon",1,"mg C/L"
"840","gtmpinut1.1",2018-06-12 09:36:00,"Organic Carbon",1,"mg C/L"
"841","gtmssnut1.1",2018-06-12 10:42:00,"Organic Carbon",1,"mg C/L"
"842","gtmssnut1.2",2018-06-12 10:44:00,"Organic Carbon",1,"mg C/L"
"843","gtmfmnut1.1",2018-07-24 11:48:00,"Organic Carbon",1,"mg C/L"
"844","gtmfmnut1.2",2018-07-24 11:50:00,"Organic Carbon",1,"mg C/L"
"845","gtmpcnut2.1",2018-07-23 09:30:00,"Organic Carbon",1,"mg C/L"
"846","gtmpcnut2.11",2018-07-24 10:30:00,"Organic Carbon",1,"mg C/L"
"847","gtmpcnut2.2",2018-07-23 12:00:00,"Organic Carbon",1,"mg C/L"
"848","gtmpcnut2.5",2018-07-23 19:30:00,"Organic Carbon",1,"mg C/L"
"849","gtmpcnut2.6",2018-07-23 22:00:00,"Organic Carbon",1,"mg C/L"
"850","gtmpcnut2.7",2018-07-24 00:30:00,"Organic Carbon",1,"mg C/L"
"851","gtmpinut1.1",2018-07-24 09:17:00,"Organic Carbon",1,"mg C/L"
"852","gtmpinut1.2",2018-07-24 09:19:00,"Organic Carbon",1,"mg C/L"
"853","gtmssnut1.1",2018-07-24 10:41:00,"Organic Carbon",1,"mg C/L"
"854","gtmssnut1.2",2018-07-24 10:45:00,"Organic Carbon",1,"mg C/L"
"855","gtmfmnut1.1",2018-08-07 10:06:00,"Organic Carbon",1,"mg C/L"
"856","gtmfmnut1.2",2018-08-07 10:08:00,"Organic Carbon",1,"mg C/L"
"857","gtmpinut1.1",2018-08-07 07:38:00,"Organic Carbon",1,"mg C/L"
"858","gtmpinut1.2",2018-08-07 07:39:00,"Organic Carbon",1,"mg C/L"
"859","gtmssnut1.1",2018-08-07 08:58:00,"Organic Carbon",1,"mg C/L"
"860","gtmssnut1.2",2018-08-07 08:59:00,"Organic Carbon",1,"mg C/L"
"861","gtmfmnut1.1",2018-09-05 09:40:00,"Organic Carbon",1,"mg C/L"
"862","gtmfmnut1.2",2018-09-05 09:46:00,"Organic Carbon",1,"mg C/L"
"863","gtmpcnut2.5",2018-09-04 19:30:00,"Organic Carbon",1,"mg C/L"
"864","gtmpinut1.1",2018-09-05 07:26:00,"Organic Carbon",1,"mg C/L"
"865","gtmpinut1.2",2018-09-05 07:30:00,"Organic Carbon",1,"mg C/L"
"866","gtmssnut1.1",2018-09-05 08:37:00,"Organic Carbon",1,"mg C/L"
"867","gtmssnut1.2",2018-09-05 08:43:00,"Organic Carbon",1,"mg C/L"
"868","gtmfmnut1.1",2018-10-23 09:09:00,"Organic Carbon",1,"mg C/L"
"869","gtmfmnut1.2",2018-10-23 09:13:00,"Organic Carbon",1,"mg C/L"
"870","gtmpcnut1.1",2018-10-23 11:54:00,"Organic Carbon",1,"mg C/L"
"871","gtmpcnut1.2",2018-10-23 11:57:00,"Organic Carbon",1,"mg C/L"
"872","gtmpcnut2.1",2018-10-22 09:30:00,"Organic Carbon",1,"mg C/L"
"873","gtmpcnut2.10",2018-10-23 08:00:00,"Organic Carbon",1,"mg C/L"
"874","gtmpcnut2.11",2018-10-23 10:30:00,"Organic Carbon",1,"mg C/L"
"875","gtmpcnut2.2",2018-10-22 12:00:00,"Organic Carbon",1,"mg C/L"
"876","gtmpcnut2.3",2018-10-22 14:30:00,"Organic Carbon",1,"mg C/L"
"877","gtmpcnut2.6",2018-10-22 22:00:00,"Organic Carbon",1,"mg C/L"
"878","gtmpcnut2.7",2018-10-23 00:30:00,"Organic Carbon",1,"mg C/L"
"879","gtmpinut1.1",2018-10-23 11:34:00,"Organic Carbon",1,"mg C/L"
"880","gtmpinut1.2",2018-10-23 11:36:00,"Organic Carbon",1,"mg C/L"
"881","gtmssnut1.1",2018-10-23 10:21:00,"Organic Carbon",1,"mg C/L"
"882","gtmssnut1.2",2018-10-23 10:22:00,"Organic Carbon",1,"mg C/L"
"883","gtmfmnut1.1",2018-11-06 11:37:00,"Organic Carbon",1,"mg C/L"
"884","gtmfmnut1.2",2018-11-06 11:38:00,"Organic Carbon",1,"mg C/L"
"885","gtmpcnut1.1",2018-11-06 11:00:00,"Organic Carbon",1,"mg C/L"
"886","gtmpcnut1.2",2018-11-06 11:03:00,"Organic Carbon",1,"mg C/L"
"887","gtmpcnut2.1",2018-11-05 09:30:00,"Organic Carbon",1,"mg C/L"
"888","gtmpcnut2.10",2018-11-06 08:00:00,"Organic Carbon",1,"mg C/L"
"889","gtmpcnut2.11",2018-11-06 10:30:00,"Organic Carbon",1,"mg C/L"
"890","gtmpcnut2.2",2018-11-05 12:00:00,"Organic Carbon",1,"mg C/L"
"891","gtmpcnut2.5",2018-11-05 19:30:00,"Organic Carbon",1,"mg C/L"
"892","gtmpcnut2.6",2018-11-05 22:00:00,"Organic Carbon",1,"mg C/L"
"893","gtmpcnut2.7",2018-11-06 00:30:00,"Organic Carbon",1,"mg C/L"
"894","gtmpinut1.1",2018-11-06 09:23:00,"Organic Carbon",1,"mg C/L"
"895","gtmpinut1.2",2018-11-06 09:26:00,"Organic Carbon",1,"mg C/L"
"896","gtmssnut1.1",2018-11-06 10:30:00,"Organic Carbon",1,"mg C/L"
"897","gtmssnut1.2",2018-11-06 10:31:00,"Organic Carbon",1,"mg C/L"
"898","gtmfmnut1.1",2018-12-04 10:55:00,"Organic Carbon",1,"mg C/L"
"899","gtmfmnut1.2",2018-12-04 10:57:00,"Organic Carbon",1,"mg C/L"
"900","gtmpcnut1.1",2018-12-04 10:16:00,"Organic Carbon",1,"mg C/L"
"901","gtmpcnut1.2",2018-12-04 10:19:00,"Organic Carbon",1,"mg C/L"
"902","gtmpcnut2.1",2018-12-03 09:30:00,"Organic Carbon",1,"mg C/L"
"903","gtmpcnut2.10",2018-12-04 08:00:00,"Organic Carbon",1,"mg C/L"
"904","gtmpcnut2.11",2018-12-04 10:30:00,"Organic Carbon",1,"mg C/L"
"905","gtmpcnut2.5",2018-12-03 19:30:00,"Organic Carbon",1,"mg C/L"
"906","gtmpcnut2.6",2018-12-03 22:00:00,"Organic Carbon",1,"mg C/L"
"907","gtmpinut1.1",2018-12-04 08:31:00,"Organic Carbon",1,"mg C/L"
"908","gtmpinut1.2",2018-12-04 08:33:00,"Organic Carbon",1,"mg C/L"
"909","gtmssnut1.1",2018-12-04 09:45:00,"Organic Carbon",1,"mg C/L"
"910","gtmssnut1.2",2018-12-04 09:47:00,"Organic Carbon",1,"mg C/L"
